2012-05-01T00:00:00,18.566893281115636
2012-05-01T01:00:00,21.83782416617116
2012-05-01T02:00:00,20.089679952815562
2012-05-01T03:00:00,13.77787975441478
2012-05-01T04:00:00,6.708385885870264
2012-05-01T05:00:00,5.232557113574145
2012-05-01T06:00:00,2.853063562817172
2012-05-01T07:00:00,1.8868345525138093
2012-05-01T08:00:00,2.8889330457598117
2012-05-01T09:00:00,5.360343155747747
2012-05-01T10:00:00,6.671498764686869
2012-05-01T11:00:00,11.553181105512023
2012-05-01T12:00:00,14.139022063008474
2012-05-01T13:00:00,11.747732176778698
2012-05-01T14:00:00,12.1914484917473
2012-05-01T15:00:00,11.908294438109966
2012-05-01T16:00:00,12.120628596724213
2012-05-01T17:00:00,13.297554458789921
2012-05-01T18:00:00,14.806574168932737
2012-05-01T19:00:00,15.238315443322787
2012-05-01T20:00:00,15.310212745663573
2012-05-01T21:00:00,16.617359421977017
2012-05-01T22:00:00,22.846377369169147
2012-05-01T23:00:00,23.125764596138033
2012-05-02T00:00:00,24.61258337935099
2012-05-02T01:00:00,20.87458037995528
2012-05-02T02:00:00,22.575104686601744
2012-05-02T03:00:00,18.648101457977507
2012-05-02T04:00:00,9.04570230226949
2012-05-02T05:00:00,7.3823427578603
2012-05-02T06:00:00,3.11917041045979
2012-05-02T07:00:00,3.093569162647408
2012-05-02T08:00:00,2.739426635772572
2012-05-02T09:00:00,3.747805108623449
2012-05-02T10:00:00,7.939609606945886
2012-05-02T11:00:00,12.198713084171255
2012-05-02T12:00:00,14.170261019414395
2012-05-02T13:00:00,13.945043087722375
2012-05-02T14:00:00,13.409208404477331
2012-05-02T15:00:00,13.205763940574702
2012-05-02T16:00:00,14.639864322285586
2012-05-02T17:00:00,13.09860742662924
2012-05-02T18:00:00,14.98536014671473
2012-05-02T19:00:00,13.899325747998315
2012-05-02T20:00:00,16.906443998364367
2012-05-02T21:00:00,23.071251153218363
2012-05-02T22:00:00,28.014330897375448
2012-05-02T23:00:00,27.927437936315467
2012-05-03T00:00:00,25.925521291457546
2012-05-03T01:00:00,28.92747250269044
2012-05-03T02:00:00,29.31593872624749
2012-05-03T03:00:00,23.860433742457246
2012-05-03T04:00:00,12.942085068149892
2012-05-03T05:00:00,8.135573946201681
2012-05-03T06:00:00,3.801598330909563
2012-05-03T07:00:00,4.588956031512842
2012-05-03T08:00:00,4.056498323424288
2012-05-03T09:00:00,5.746520242256788
2012-05-03T10:00:00,9.937408065254914
2012-05-03T11:00:00,11.451244710612793
2012-05-03T12:00:00,17.09271943024965
2012-05-03T13:00:00,16.88048429517241
2012-05-03T14:00:00,17.39658071733745
2012-05-03T15:00:00,15.585462211914894
2012-05-03T16:00:00,13.519292806774342
2012-05-03T17:00:00,15.96212280367574
2012-05-03T18:00:00,18.517931040005635
2012-05-03T19:00:00,17.85090993872142
2012-05-03T20:00:00,21.974747763446466
2012-05-03T21:00:00,27.494122782394758
2012-05-03T22:00:00,35.49933788537139
2012-05-03T23:00:00,41.19682087608475
2012-05-04T00:00:00,36.40079046309191
2012-05-04T01:00:00,36.16807210299382
2012-05-04T02:00:00,40.48129209744665
2012-05-04T03:00:00,30.128093210737845
2012-05-04T04:00:00,21.9275197858473
2012-05-04T05:00:00,14.894287044426711
2012-05-04T06:00:00,9.527256055144498
2012-05-04T07:00:00,5.107598879743939
2012-05-04T08:00:00,6.33736598301642
2012-05-04T09:00:00,6.170585304264472
2012-05-04T10:00:00,10.475509378093173
2012-05-04T11:00:00,12.059421633615184
2012-05-04T12:00:00,17.091248361765782
2012-05-04T13:00:00,17.090180111003995
2012-05-04T14:00:00,15.882700437868019
2012-05-04T15:00:00,13.60300441298363
2012-05-04T16:00:00,13.821444430425956
2012-05-04T17:00:00,15.319945373468844
2012-05-04T18:00:00,12.523810645151446
2012-05-04T19:00:00,14.304643720685569
2012-05-04T20:00:00,17.773244172098707
2012-05-04T21:00:00,28.486829085701284
2012-05-04T22:00:00,39.358978361265955
2012-05-04T23:00:00,44.039092680549054
2012-05-05T00:00:00,51.29710297353534
2012-05-05T01:00:00,53.07241974542306
2012-05-05T02:00:00,56.39322796728726
2012-05-05T03:00:00,49.56546295343947
2012-05-05T04:00:00,41.43180673224993
2012-05-05T05:00:00,28.437519850363678
2012-05-05T06:00:00,21.341008597190193
2012-05-05T07:00:00,14.63962646244206
2012-05-05T08:00:00,8.371194846653745
2012-05-05T09:00:00,5.017302917442583
2012-05-05T10:00:00,6.919099865651595
2012-05-05T11:00:00,9.233127347631171
2012-05-05T12:00:00,20.499153449346085
2012-05-05T13:00:00,21.338955340778696
2012-05-05T14:00:00,25.674639079268164
2012-05-05T15:00:00,29.047152256736187
2012-05-05T16:00:00,31.82613466533821
2012-05-05T17:00:00,30.48256617854736
2012-05-05T18:00:00,36.56166647235195
2012-05-05T19:00:00,28.821811657006624
2012-05-05T20:00:00,50.26237869890301
2012-05-05T21:00:00,74.66901760468402
2012-05-05T22:00:00,100.59920002707432
2012-05-05T23:00:00,100.99344031286594
2012-05-06T00:00:00,92.31756985385536
2012-05-06T01:00:00,91.16522012082626
2012-05-06T02:00:00,109.32291387321058
2012-05-06T03:00:00,100.72770764363675
2012-05-06T04:00:00,66.40333800694185
2012-05-06T05:00:00,45.07338759478114
2012-05-06T06:00:00,36.330758865874714
2012-05-06T07:00:00,15.236759114621723
2012-05-06T08:00:00,11.597622914146521
2012-05-06T09:00:00,6.79415118294778
2012-05-06T10:00:00,4.820687436186554
2012-05-06T11:00:00,5.633777395897624
2012-05-06T12:00:00,8.351188728077483
2012-05-06T13:00:00,16.20033167555968
2012-05-06T14:00:00,18.675211756944215
2012-05-06T15:00:00,23.877901200130335
2012-05-06T16:00:00,17.626362733916594
2012-05-06T17:00:00,23.301228829920472
2012-05-06T18:00:00,20.783399295095197
2012-05-06T19:00:00,19.34089039514915
2012-05-06T20:00:00,21.494703076086722
2012-05-06T21:00:00,21.921579548450666
2012-05-06T22:00:00,22.261111618220685
2012-05-06T23:00:00,25.36917378120966
2012-05-07T00:00:00,24.084648334197176
2012-05-07T01:00:00,23.99840564737891
2012-05-07T02:00:00,23.432500466087966
2012-05-07T03:00:00,15.18290585502916
2012-05-07T04:00:00,10.089730401434883
2012-05-07T05:00:00,7.217432038632291
2012-05-07T06:00:00,3.980886612869858
2012-05-07T07:00:00,3.173988201885959
2012-05-07T08:00:00,3.4563173162336227
2012-05-07T09:00:00,4.514383432040823
2012-05-07T10:00:00,6.934133164744802
2012-05-07T11:00:00,9.003571892930415
2012-05-07T12:00:00,11.673991752289092
2012-05-07T13:00:00,13.973591348890155
2012-05-07T14:00:00,11.475310324177109
2012-05-07T15:00:00,11.61429230337157
2012-05-07T16:00:00,9.95144483869942
2012-05-07T17:00:00,8.923957679584104
2012-05-07T18:00:00,11.709022527439823
2012-05-07T19:00:00,11.427855305816093
2012-05-07T20:00:00,12.900020979164367
2012-05-07T21:00:00,15.029817633826038
2012-05-07T22:00:00,17.477502902344682
2012-05-07T23:00:00,17.35668797995315
2012-05-08T00:00:00,19.44047386719622
2012-05-08T01:00:00,22.525194300909714
2012-05-08T02:00:00,20.697077185212795
2012-05-08T03:00:00,14.232550084085108
2012-05-08T04:00:00,6.9667978123856384
2012-05-08T05:00:00,5.3767720939960215
2012-05-08T06:00:00,2.9445386586026125
2012-05-08T07:00:00,1.9985158150571407
2012-05-08T08:00:00,3.060138117826953
2012-05-08T09:00:00,5.695500973664186
2012-05-08T10:00:00,7.194053955345509
2012-05-08T11:00:00,12.210732290237122
2012-05-08T12:00:00,14.894974443960855
2012-05-08T13:00:00,12.40013613353048
2012-05-08T14:00:00,13.003948491747302
2012-05-08T15:00:00,12.574205411194853
2012-05-08T16:00:00,13.203961930057547
2012-05-08T17:00:00,14.389009485244948
2012-05-08T18:00:00,16.036494803853373
2012-05-08T19:00:00,16.32537893538628
2012-05-08T20:00:00,16.23549898037604
2012-05-08T21:00:00,17.596558615315555
2012-05-08T22:00:00,23.690357766428235
2012-05-08T23:00:00,23.859934949160845
2012-05-09T00:00:00,25.31102860443556
2012-05-09T01:00:00,21.379481065183835
2012-05-09T02:00:00,23.270130784472588
2012-05-09T03:00:00,19.2134953751072
2012-05-09T04:00:00,9.560959224710599
2012-05-09T05:00:00,7.6767424370110335
2012-05-09T06:00:00,3.29799268714153
2012-05-09T07:00:00,3.275927984807276
2012-05-09T08:00:00,2.868517745900834
2012-05-09T09:00:00,3.9826753725184814
2012-05-09T10:00:00,8.319552519783537
2012-05-09T11:00:00,12.747654883113054
2012-05-09T12:00:00,14.82039329454667
2012-05-09T13:00:00,14.659990177669465
2012-05-09T14:00:00,14.156232214001141
2012-05-09T15:00:00,13.981557591368354
2012-05-09T16:00:00,15.432853740275005
2012-05-09T17:00:00,13.967258220280035
2012-05-09T18:00:00,15.71551887687346
2012-05-09T19:00:00,14.845754319426886
2012-05-09T20:00:00,17.959618601538967
2012-05-09T21:00:00,24.383155915123123
2012-05-09T22:00:00,29.582783278327828
2012-05-09T23:00:00,29.255509019821332
2012-05-10T00:00:00,27.44278319621945
2012-05-10T01:00:00,30.018692604780107
2012-05-10T02:00:00,30.266670464328907
2012-05-10T03:00:00,24.395118924864448
2012-05-10T04:00:00,13.239828290095241
2012-05-10T05:00:00,8.258420196707506
2012-05-10T06:00:00,3.915259244262526
2012-05-10T07:00:00,4.723403038510241
2012-05-10T08:00:00,4.309316391051985
2012-05-10T09:00:00,6.102409966567565
2012-05-10T10:00:00,10.573874230668448
2012-05-10T11:00:00,12.150701686385558
2012-05-10T12:00:00,18.100655938186158
2012-05-10T13:00:00,17.86932068487161
2012-05-10T14:00:00,18.38991925493828
2012-05-10T15:00:00,16.435501243921138
2012-05-10T16:00:00,14.369087888741554
2012-05-10T17:00:00,16.756735359655853
2012-05-10T18:00:00,19.71157858098924
2012-05-10T19:00:00,19.165362737384743
2012-05-10T20:00:00,23.78382601462998
2012-05-10T21:00:00,29.593941774319013
2012-05-10T22:00:00,37.82896751500102
2012-05-10T23:00:00,43.45793198719586
2012-05-11T00:00:00,38.4433830556845
2012-05-11T01:00:00,38.01000331992503
2012-05-11T02:00:00,41.955498446652996
2012-05-11T03:00:00,31.286823369468003
2012-05-11T04:00:00,22.73267851600603
2012-05-11T05:00:00,15.495477520617188
2012-05-11T06:00:00,10.074875102763546
2012-05-11T07:00:00,5.529821101966162
2012-05-11T08:00:00,6.840540586191024
2012-05-11T09:00:00,6.675082658761827
2012-05-11T10:00:00,11.279676044759839
2012-05-11T11:00:00,12.808524307717859
2012-05-11T12:00:00,17.939585985103406
2012-05-11T13:00:00,17.82665587247976
2012-05-11T14:00:00,16.56941214957973
2012-05-11T15:00:00,14.278267175746393
2012-05-11T16:00:00,14.425468379186746
2012-05-11T17:00:00,15.829524877785191
2012-05-11T18:00:00,13.124771380322708
2012-05-11T19:00:00,14.979963965742655
2012-05-11T20:00:00,18.9533263219177
2012-05-11T21:00:00,30.252834376706577
2012-05-11T22:00:00,41.76545984274744
2012-05-11T23:00:00,46.63446305091942
2012-05-12T00:00:00,54.31615059258296
2012-05-12T01:00:00,55.813821861825176
2012-05-12T02:00:00,59.0670267318755
2012-05-12T03:00:00,51.52179064134611
2012-05-12T04:00:00,42.6119939427003
2012-05-12T05:00:00,28.972733515840503
2012-05-12T06:00:00,21.665091531799444
2012-05-12T07:00:00,14.93644110004617
2012-05-12T08:00:00,8.678337703796602
2012-05-12T09:00:00,5.2732552983949645
2012-05-12T10:00:00,7.391718913270643
2012-05-12T11:00:00,9.671294144404525
2012-05-12T12:00:00,15.616061987628157
2012-05-12T13:00:00,16.140005397806625
2012-05-12T14:00:00,19.714027913762976
2012-05-12T15:00:00,21.928307398718676
2012-05-12T16:00:00,24.08435991412541
2012-05-12T17:00:00,22.979489440040147
2012-05-12T18:00:00,27.527223999521016
2012-05-12T19:00:00,30.452455535562322
2012-05-12T20:00:00,38.179000801224895
2012-05-12T21:00:00,52.6935372092189
2012-05-12T22:00:00,70.31507990272463
2012-05-12T23:00:00,75.50053026814824
2012-05-13T00:00:00,69.15286450448846
2012-05-13T01:00:00,68.58391590229155
2012-05-13T02:00:00,81.53504902915444
2012-05-13T03:00:00,80.41100583616273
2012-05-13T04:00:00,62.30250488894686
2012-05-13T05:00:00,46.0923835226504
2012-05-13T06:00:00,36.80542484213305
2012-05-13T07:00:00,15.459732087594697
2012-05-13T08:00:00,11.713024029547636
2012-05-13T09:00:00,6.945641959438556
2012-05-13T10:00:00,5.008049139995626
2012-05-13T11:00:00,6.0441120726796695
2012-05-13T12:00:00,8.900492731328855
2012-05-13T13:00:00,17.276345189073197
2012-05-13T14:00:00,19.57198305832078
2012-05-13T15:00:00,22.773455420698486
2012-05-13T16:00:00,14.88056665608343
2012-05-13T17:00:00,19.664416647896278
2012-05-13T18:00:00,17.38751030213018
2012-05-13T19:00:00,16.28886380595502
2012-05-13T20:00:00,20.187839284768778
2012-05-13T21:00:00,22.834534555014695
2012-05-13T22:00:00,23.079367575574388
2012-05-13T23:00:00,26.44242237889435
2012-05-14T00:00:00,25.252383147420712
2012-05-14T01:00:00,25.320870478250065
2012-05-14T02:00:00,24.561018065929492
2012-05-14T03:00:00,15.982056294128052
2012-05-14T04:00:00,10.581187064283299
2012-05-14T05:00:00,7.556750480785785
2012-05-14T06:00:00,4.200331057314302
2012-05-14T07:00:00,3.3789589621198775
2012-05-14T08:00:00,3.6342412928418097
2012-05-14T09:00:00,4.7250559466607065
2012-05-14T10:00:00,7.169074685212639
2012-05-14T11:00:00,9.235269191732977
2012-05-14T12:00:00,11.966723581863027
2012-05-14T13:00:00,14.36882944412825
2012-05-14T14:00:00,11.975839424706209
2012-05-14T15:00:00,12.095067242073338
2012-05-14T16:00:00,10.297748266645979
2012-05-14T17:00:00,9.227973738325773
2012-05-14T18:00:00,11.956038975852291
2012-05-14T19:00:00,11.807274655020423
2012-05-14T20:00:00,13.409473288616676
2012-05-14T21:00:00,15.641965119657735
2012-05-14T22:00:00,18.258253389674117
2012-05-14T23:00:00,18.13913287424015
2012-05-15T00:00:00,20.314054453276807
2012-05-15T01:00:00,23.21256443564827
2012-05-15T02:00:00,21.304474417610024
2012-05-15T03:00:00,14.687220413755437
2012-05-15T04:00:00,7.225209738901012
2012-05-15T05:00:00,5.520987074417898
2012-05-15T06:00:00,3.0360137543880534
2012-05-15T07:00:00,2.110197077600472
2012-05-15T08:00:00,3.231343189894094
2012-05-15T09:00:00,6.030658791580625
2012-05-15T10:00:00,7.716609146004148
2012-05-15T11:00:00,12.86828347496222
2012-05-15T12:00:00,15.650926824913238
2012-05-15T13:00:00,13.052540090282266
2012-05-15T14:00:00,13.816448491747302
2012-05-15T15:00:00,13.24011638427974
2012-05-15T16:00:00,14.287295263390881
2012-05-15T17:00:00,15.480464511699976
2012-05-15T18:00:00,17.266415438774008
2012-05-15T19:00:00,17.412442427449772
2012-05-15T20:00:00,17.160785215088502
2012-05-15T21:00:00,18.575757808654096
2012-05-15T22:00:00,24.53433816368732
2012-05-15T23:00:00,24.59410530218366
2012-05-16T00:00:00,26.00947382952013
2012-05-16T01:00:00,21.884381750412388
2012-05-16T02:00:00,23.96515688234343
2012-05-16T03:00:00,19.778889292236897
2012-05-16T04:00:00,10.076216147151706
2012-05-16T05:00:00,7.971142116161766
2012-05-16T06:00:00,3.4768149638232706
2012-05-16T07:00:00,3.4582868069671444
2012-05-16T08:00:00,2.997608856029096
2012-05-16T09:00:00,4.217545636413513
2012-05-16T10:00:00,8.699495432621188
2012-05-16T11:00:00,13.296596682054854
2012-05-16T12:00:00,15.470525569678948
2012-05-16T13:00:00,15.374937267616557
2012-05-16T14:00:00,14.903256023524952
2012-05-16T15:00:00,14.757351242162006
2012-05-16T16:00:00,16.225843158264425
2012-05-16T17:00:00,14.835909013930829
2012-05-16T18:00:00,16.44567760703219
2012-05-16T19:00:00,15.792182890855456
2012-05-16T20:00:00,19.01279320471357
2012-05-16T21:00:00,25.695060677027882
2012-05-16T22:00:00,31.151235659280207
2012-05-16T23:00:00,30.5835801033272
2012-05-17T00:00:00,28.960045100981358
2012-05-17T01:00:00,31.10991270686978
2012-05-17T02:00:00,31.217402202410323
2012-05-17T03:00:00,24.929804107271647
2012-05-17T04:00:00,13.537571512040593
2012-05-17T05:00:00,8.381266447213331
2012-05-17T06:00:00,4.028920157615489
2012-05-17T07:00:00,4.857850045507639
2012-05-17T08:00:00,4.562134458679684
2012-05-17T09:00:00,6.458299690878341
2012-05-17T10:00:00,11.210340396081982
2012-05-17T11:00:00,12.850158662158321
2012-05-17T12:00:00,19.108592446122667
2012-05-17T13:00:00,18.858157074570812
2012-05-17T14:00:00,19.383257792539112
2012-05-17T15:00:00,17.28554027592738
2012-05-17T16:00:00,15.218882970708767
2012-05-17T17:00:00,17.55134791563597
2012-05-17T18:00:00,20.90522612197285
2012-05-17T19:00:00,20.47981553604807
2012-05-17T20:00:00,25.592904265813495
2012-05-17T21:00:00,31.693760766243265
2012-05-17T22:00:00,40.15859714463065
2012-05-17T23:00:00,45.71904309830697
2012-05-18T00:00:00,40.48597564827709
2012-05-18T01:00:00,39.85193453685625
2012-05-18T02:00:00,43.429704795859344
2012-05-18T03:00:00,32.44555352819816
2012-05-18T04:00:00,23.53783724616476
2012-05-18T05:00:00,16.096667996807664
2012-05-18T06:00:00,10.622494150382593
2012-05-18T07:00:00,5.9520433241883834
2012-05-18T08:00:00,7.343715189365627
2012-05-18T09:00:00,7.179580013259181
2012-05-18T10:00:00,12.083842711426506
2012-05-18T11:00:00,13.557626981820531
2012-05-18T12:00:00,18.78792360844103
2012-05-18T13:00:00,18.563131633955518
2012-05-18T14:00:00,17.256123861291442
2012-05-18T15:00:00,14.953529938509156
2012-05-18T16:00:00,15.029492327947539
2012-05-18T17:00:00,16.33910438210154
2012-05-18T18:00:00,13.725732115493969
2012-05-18T19:00:00,15.655284210799744
2012-05-18T20:00:00,20.13340847173669
2012-05-18T21:00:00,32.018839667711866
2012-05-18T22:00:00,44.17194132422892
2012-05-18T23:00:00,49.2298334212898
2012-05-19T00:00:00,57.335198211630576
2012-05-19T01:00:00,58.555223978227296
2012-05-19T02:00:00,61.740825496463735
2012-05-19T03:00:00,53.478118329252744
2012-05-19T04:00:00,43.79218115315067
2012-05-19T05:00:00,29.507947181317327
2012-05-19T06:00:00,21.989174466408695
2012-05-19T07:00:00,15.233255737650284
2012-05-19T08:00:00,8.985480560939461
2012-05-19T09:00:00,5.529207679347346
2012-05-19T10:00:00,7.86433796088969
2012-05-19T11:00:00,10.10946094117788
2012-05-19T12:00:00,16.58987151143768
2012-05-19T13:00:00,17.03789983791418
2012-05-19T14:00:00,21.089027913762976
2012-05-19T15:00:00,23.108648899768642
2012-05-19T16:00:00,25.43576649586639
2012-05-19T17:00:00,24.185717323975037
2012-05-19T18:00:00,28.938971947362063
2012-05-19T19:00:00,32.08309941411802
2012-05-19T20:00:00,40.45630253180478
2012-05-19T21:00:00,55.60772934864847
2012-05-19T22:00:00,73.5640264540664
2012-05-19T23:00:00,78.86288888424937
2012-05-20T00:00:00,72.36460768479452
2012-05-20T01:00:00,72.04981743256434
2012-05-20T02:00:00,84.98230243458703
2012-05-20T03:00:00,83.33915963875873
2012-05-20T04:00:00,64.23833886249203
2012-05-20T05:00:00,47.11137945051967
2012-05-20T06:00:00,37.28009081839138
2012-05-20T07:00:00,15.682705060567669
2012-05-20T08:00:00,11.828425144948753
2012-05-20T09:00:00,7.097132735929333
2012-05-20T10:00:00,5.195410843804699
2012-05-20T11:00:00,6.454446749461716
2012-05-20T12:00:00,9.449796734580227
2012-05-20T13:00:00,18.35235870258671
2012-05-20T14:00:00,20.468754359697346
2012-05-20T15:00:00,26.729777512532962
2012-05-20T16:00:00,19.575053906291977
2012-05-20T17:00:00,25.85981278982022
2012-05-20T18:00:00,22.68537646023026
2012-05-20T19:00:00,21.381269119738402
2012-05-20T20:00:00,23.367162001177228
2012-05-20T21:00:00,23.747489561578725
2012-05-20T22:00:00,23.897623532928087
2012-05-20T23:00:00,27.515670976579035
2012-05-21T00:00:00,26.420117960644248
2012-05-21T01:00:00,26.64333530912122
2012-05-21T02:00:00,25.68953566577102
2012-05-21T03:00:00,16.781206733226945
2012-05-21T04:00:00,11.072643727131712
2012-05-21T05:00:00,7.8960689229392775
2012-05-21T06:00:00,4.419775501758747
2012-05-21T07:00:00,3.5839297223537954
2012-05-21T08:00:00,3.8121652694499972
2012-05-21T09:00:00,4.93572846128059
2012-05-21T10:00:00,7.404016205680475
2012-05-21T11:00:00,9.46696649053554
2012-05-21T12:00:00,12.259455411436964
2012-05-21T13:00:00,14.764067539366346
2012-05-21T14:00:00,12.47636852523531
2012-05-21T15:00:00,12.575842180775105
2012-05-21T16:00:00,10.64405169459254
2012-05-21T17:00:00,9.53198979706744
2012-05-21T18:00:00,12.203055424264761
2012-05-21T19:00:00,12.186694004224753
2012-05-21T20:00:00,13.918925598068986
2012-05-21T21:00:00,16.254112605489432
2012-05-21T22:00:00,19.03900387700355
2012-05-21T23:00:00,18.92157776852715
2012-05-22T00:00:00,21.187635039357396
2012-05-22T01:00:00,23.899934570386826
2012-05-22T02:00:00,21.911871650007257
2012-05-22T03:00:00,15.141890743425767
2012-05-22T04:00:00,7.483621665416386
2012-05-22T05:00:00,5.665202054839774
2012-05-22T06:00:00,3.127488850173494
2012-05-22T07:00:00,2.221878340143804
2012-05-22T08:00:00,3.4025482619612353
2012-05-22T09:00:00,6.365816609497064
2012-05-22T10:00:00,8.239164336662789
2012-05-22T11:00:00,13.52583465968732
2012-05-22T12:00:00,16.40687920586562
2012-05-22T13:00:00,13.704944047034049
2012-05-22T14:00:00,14.628948491747304
2012-05-22T15:00:00,13.906027357364627
2012-05-22T16:00:00,15.370628596724215
2012-05-22T17:00:00,16.571919538155
2012-05-22T18:00:00,18.496336073694643
2012-05-22T19:00:00,18.499505919513265
2012-05-22T20:00:00,18.08607144980097
2012-05-22T21:00:00,19.554957001992634
2012-05-22T22:00:00,25.378318560946408
2012-05-22T23:00:00,25.328275655206472
2012-05-23T00:00:00,26.7079190546047
2012-05-23T01:00:00,22.389282435640943
2012-05-23T02:00:00,24.660182980214273
2012-05-23T03:00:00,20.34428320936659
2012-05-23T04:00:00,10.591473069592816
2012-05-23T05:00:00,8.2655417953125
2012-05-23T06:00:00,3.655637240505011
2012-05-23T07:00:00,3.640645629127013
2012-05-23T08:00:00,3.1266999661573585
2012-05-23T09:00:00,4.452415900308546
2012-05-23T10:00:00,9.079438345458838
2012-05-23T11:00:00,13.845538480996654
2012-05-23T12:00:00,16.120657844811223
2012-05-23T13:00:00,16.089884357563648
2012-05-23T14:00:00,15.650279833048762
2012-05-23T15:00:00,15.533144892955658
2012-05-23T16:00:00,17.018832576253843
2012-05-23T17:00:00,15.704559807581624
2012-05-23T18:00:00,17.175836337190923
2012-05-23T19:00:00,16.738611462284027
2012-05-23T20:00:00,20.06596780788817
2012-05-23T21:00:00,27.006965438932642
2012-05-23T22:00:00,32.71968804023259
2012-05-23T23:00:00,31.91165118683307
2012-05-24T00:00:00,30.477307005743263
2012-05-24T01:00:00,32.20113280895944
2012-05-24T02:00:00,32.16813394049174
2012-05-24T03:00:00,25.46448928967885
2012-05-24T04:00:00,13.835314733985943
2012-05-24T05:00:00,8.504112697719158
2012-05-24T06:00:00,4.142581070968451
2012-05-24T07:00:00,4.992297052505038
2012-05-24T08:00:00,4.814952526307382
2012-05-24T09:00:00,6.8141894151891185
2012-05-24T10:00:00,11.846806561495516
2012-05-24T11:00:00,13.549615637931087
2012-05-24T12:00:00,20.116528954059174
2012-05-24T13:00:00,19.846993464270014
2012-05-24T14:00:00,20.376596330139947
2012-05-24T15:00:00,18.135579307933625
2012-05-24T16:00:00,16.068678052675978
2012-05-24T17:00:00,18.34596047161608
2012-05-24T18:00:00,22.098873662956454
2012-05-24T19:00:00,21.794268334711393
2012-05-24T20:00:00,27.40198251699701
2012-05-24T21:00:00,33.79357975816752
2012-05-24T22:00:00,42.48822677426027
2012-05-24T23:00:00,47.980154209418075
2012-05-25T00:00:00,42.52856824086968
2012-05-25T01:00:00,41.69386575378746
2012-05-25T02:00:00,44.90391114506569
2012-05-25T03:00:00,33.60428368692832
2012-05-25T04:00:00,24.34299597632349
2012-05-25T05:00:00,16.69785847299814
2012-05-25T06:00:00,11.17011319800164
2012-05-25T07:00:00,6.374265546410606
2012-05-25T08:00:00,7.84688979254023
2012-05-25T09:00:00,7.684077367756536
2012-05-25T10:00:00,12.888009378093171
2012-05-25T11:00:00,14.306729655923206
2012-05-25T12:00:00,19.63626123177865
2012-05-25T13:00:00,19.29960739543128
2012-05-25T14:00:00,17.942835573003155
2012-05-25T15:00:00,15.62879270127192
2012-05-25T16:00:00,15.63351627670833
2012-05-25T17:00:00,16.848683886417884
2012-05-25T18:00:00,14.32669285066523
2012-05-25T19:00:00,16.33060445585683
2012-05-25T20:00:00,21.313490621555683
2012-05-25T21:00:00,33.78484495871716
2012-05-25T22:00:00,46.5784228057104
2012-05-25T23:00:00,51.825203791660165
2012-05-26T00:00:00,60.354245830678195
2012-05-26T01:00:00,61.29662609462941
2012-05-26T02:00:00,64.41462426105198
2012-05-26T03:00:00,55.43444601715938
2012-05-26T04:00:00,44.97236836360104
2012-05-26T05:00:00,30.04316084679415
2012-05-26T06:00:00,22.313257401017946
2012-05-26T07:00:00,15.530070375254395
2012-05-26T08:00:00,9.292623418082318
2012-05-26T09:00:00,5.785160060299726
2012-05-26T10:00:00,8.336957008508739
2012-05-26T11:00:00,10.547627737951235
2012-05-26T12:00:00,17.563681035247203
2012-05-26T13:00:00,17.935794278021735
2012-05-26T14:00:00,22.464027913762976
2012-05-26T15:00:00,24.288990400818612
2012-05-26T16:00:00,26.787173077607363
2012-05-26T17:00:00,25.391945207909927
2012-05-26T18:00:00,30.350719895203113
2012-05-26T19:00:00,33.71374329267371
2012-05-26T20:00:00,42.733604262384674
2012-05-26T21:00:00,58.521921488078036
2012-05-26T22:00:00,76.81297300540815
2012-05-26T23:00:00,82.2252475003505
2012-05-27T00:00:00,75.57635086510057
2012-05-27T01:00:00,75.51571896283713
2012-05-27T02:00:00,88.42955584001962
2012-05-27T03:00:00,86.26731344135473
2012-05-27T04:00:00,66.17417283603722
2012-05-27T05:00:00,48.13037537838893
2012-05-27T06:00:00,37.754756794649715
2012-05-27T07:00:00,15.905678033540642
2012-05-27T08:00:00,11.943826260349867
2012-05-27T09:00:00,7.24862351242011
2012-05-27T10:00:00,5.382772547613771
2012-05-27T11:00:00,6.864781426243761
2012-05-27T12:00:00,9.9991007378316
2012-05-27T13:00:00,19.428372216100225
2012-05-27T14:00:00,21.36552566107391
2012-05-27T15:00:00,28.155715668734278
2012-05-27T16:00:00,20.54939949247967
2012-05-27T17:00:00,27.139104769770096
2012-05-27T18:00:00,23.636365042797788
2012-05-27T19:00:00,22.40145848203303
2012-05-27T20:00:00,24.30339146372248
2012-05-27T21:00:00,24.660444568142754
2012-05-27T22:00:00,24.71587949028179
2012-05-27T23:00:00,28.588919574263723
2012-05-28T00:00:00,27.58785277386778
2012-05-28T01:00:00,27.965800139992375
2012-05-28T02:00:00,26.818053265612548
2012-05-28T03:00:00,17.580357172325837
2012-05-28T04:00:00,11.564100389980128
2012-05-28T05:00:00,8.235387365092771
2012-05-28T06:00:00,4.639219946203191
2012-05-28T07:00:00,3.7889004825877137
2012-05-28T08:00:00,3.9900892460581847
2012-05-28T09:00:00,5.146400975900472
2012-05-28T10:00:00,7.638957726148312
2012-05-28T11:00:00,9.698663789338102
2012-05-28T12:00:00,12.552187241010898
2012-05-28T13:00:00,15.159305634604443
2012-05-28T14:00:00,12.97689762576441
2012-05-28T15:00:00,13.056617119476874
2012-05-28T16:00:00,10.990355122539098
2012-05-28T17:00:00,9.836005855809109
2012-05-28T18:00:00,12.45007187267723
2012-05-28T19:00:00,12.566113353429085
2012-05-28T20:00:00,14.428377907521295
2012-05-28T21:00:00,16.866260091321127
2012-05-28T22:00:00,19.819754364332987
2012-05-28T23:00:00,19.70402266281415
2012-05-29T00:00:00,22.06121562543798
2012-05-29T01:00:00,24.587304705125383
2012-05-29T02:00:00,22.51926888240449
2012-05-29T03:00:00,15.596561073096096
2012-05-29T04:00:00,7.742033591931761
2012-05-29T05:00:00,5.809417035261651
2012-05-29T06:00:00,3.2189639459589343
2012-05-29T07:00:00,2.3335596026871355
2012-05-29T08:00:00,3.573753334028377
2012-05-29T09:00:00,6.700974427413503
2012-05-29T10:00:00,8.761719527321429
2012-05-29T11:00:00,14.183385844412419
2012-05-29T12:00:00,17.162831586818
2012-05-29T13:00:00,14.357348003785832
2012-05-29T14:00:00,15.441448491747304
2012-05-29T15:00:00,14.571938330449512
2012-05-29T16:00:00,16.45396193005755
2012-05-29T17:00:00,17.66337456461003
2012-05-29T18:00:00,19.72625670861528
2012-05-29T19:00:00,19.586569411576757
2012-05-29T20:00:00,19.011357684513435
2012-05-29T21:00:00,20.534156195331175
2012-05-29T22:00:00,26.222298958205496
2012-05-29T23:00:00,26.062446008229283
2012-05-30T00:00:00,27.40636427968927
2012-05-30T01:00:00,22.894183120869496
2012-05-30T02:00:00,25.355209078085117
2012-05-30T03:00:00,20.909677126496284
2012-05-30T04:00:00,11.106729992033925
2012-05-30T05:00:00,8.559941474463232
2012-05-30T06:00:00,3.834459517186751
2012-05-30T07:00:00,3.823004451286881
2012-05-30T08:00:00,3.255791076285621
2012-05-30T09:00:00,4.687286164203578
2012-05-30T10:00:00,9.459381258296489
2012-05-30T11:00:00,14.394480279938454
2012-05-30T12:00:00,16.7707901199435
2012-05-30T13:00:00,16.80483144751074
2012-05-30T14:00:00,16.397303642572574
2012-05-30T15:00:00,16.30893854374931
2012-05-30T16:00:00,17.811821994243264
2012-05-30T17:00:00,16.573210601232418
2012-05-30T18:00:00,17.90599506734965
2012-05-30T19:00:00,17.685040033712596
2012-05-30T20:00:00,21.11914241106277
2012-05-30T21:00:00,28.318870200837402
2012-05-30T22:00:00,34.28814042118497
2012-05-30T23:00:00,33.23972227033893
2012-05-31T00:00:00,31.99456891050517
2012-05-31T01:00:00,33.292352911049115
2012-05-31T02:00:00,33.11886567857316
2012-05-31T03:00:00,25.999174472086047
2012-05-31T04:00:00,14.133057955931292
2012-05-31T05:00:00,8.626958948224983
2012-05-31T06:00:00,4.256241984321415
2012-05-31T07:00:00,5.126744059502437
2012-05-31T08:00:00,5.067770593935079
2012-05-31T09:00:00,7.1700791394998955
2012-05-31T10:00:00,12.48327272690905
2012-05-31T11:00:00,14.249072613703852
2012-05-31T12:00:00,21.12446546199568
2012-05-31T13:00:00,20.835829853969212
2012-05-31T14:00:00,21.369934867740778
2012-05-31T15:00:00,18.98561833993987
2012-05-31T16:00:00,16.918473134643193
2012-05-31T17:00:00,19.140573027596197
2012-05-31T18:00:00,23.292521203940062
2012-05-31T19:00:00,23.10872113337472
2012-05-31T20:00:00,29.21106076818052
2012-05-31T21:00:00,35.89339875009178
2012-05-31T22:00:00,44.8178564038899
2012-05-31T23:00:00,50.24126532052919
2012-06-01T00:00:00,44.57116083346227
2012-06-01T01:00:00,43.535796970718685
2012-06-01T02:00:00,46.37811749427205
2012-06-01T03:00:00,34.76301384565848
2012-06-01T04:00:00,25.14815470648222
2012-06-01T05:00:00,17.299048949188617
2012-06-01T06:00:00,11.717732245620688
2012-06-01T07:00:00,6.7964877686328276
2012-06-01T08:00:00,8.350064395714833
2012-06-01T09:00:00,8.18857472225389
2012-06-01T10:00:00,13.692176044759838
2012-06-01T11:00:00,15.055832330025881
2012-06-01T12:00:00,20.484598855116275
2012-06-01T13:00:00,20.036083156907043
2012-06-01T14:00:00,18.629547284714867
2012-06-01T15:00:00,16.304055464034683
2012-06-01T16:00:00,16.23754022546912
2012-06-01T17:00:00,17.35826339073423
2012-06-01T18:00:00,14.927653585836492
2012-06-01T19:00:00,17.00592470091392
2012-06-01T20:00:00,22.493572771374676
2012-06-01T21:00:00,35.55085024972245
2012-06-01T22:00:00,48.98490428719188
2012-06-01T23:00:00,54.42057416203053
2012-06-02T00:00:00,63.373293449725814
2012-06-02T01:00:00,64.03802821103153
2012-06-02T02:00:00,67.08842302564021
2012-06-02T03:00:00,57.39077370506602
2012-06-02T04:00:00,46.15255557405141
2012-06-02T05:00:00,30.578374512270976
2012-06-02T06:00:00,22.637340335627197
2012-06-02T07:00:00,15.826885012858508
2012-06-02T08:00:00,9.599766275225177
2012-06-02T09:00:00,6.041112441252108
2012-06-02T10:00:00,8.809576056127787
2012-06-02T11:00:00,10.98579453472459
2012-06-02T12:00:00,18.537490559056728
2012-06-02T13:00:00,18.833688718129288
2012-06-02T14:00:00,23.839027913762976
2012-06-02T15:00:00,25.469331901868582
2012-06-02T16:00:00,28.138579659348338
2012-06-02T17:00:00,26.598173091844814
2012-06-02T18:00:00,31.762467843044156
2012-06-02T19:00:00,35.344387171229414
2012-06-02T20:00:00,45.01090599296456
2012-06-02T21:00:00,61.436113627507595
2012-06-02T22:00:00,80.06191955674993
2012-06-02T23:00:00,85.58760611645164
2012-06-03T00:00:00,78.78809404540662
2012-06-03T01:00:00,78.98162049310992
2012-06-03T02:00:00,91.8768092454522
2012-06-03T03:00:00,89.19546724395073
2012-06-03T04:00:00,68.11000680958239
2012-06-03T05:00:00,49.149371306258196
2012-06-03T06:00:00,38.229422770908045
2012-06-03T07:00:00,16.128651006513614
2012-06-03T08:00:00,12.059227375750984
2012-06-03T09:00:00,7.400114288910887
2012-06-03T10:00:00,5.570134251422844
2012-06-03T11:00:00,7.275116103025806
2012-06-03T12:00:00,10.548404741082972
2012-06-03T13:00:00,20.504385729613738
2012-06-03T14:00:00,22.262296962450478
2012-06-03T15:00:00,29.581653824935593
2012-06-03T16:00:00,21.52374507866736
2012-06-03T17:00:00,28.41839674971997
2012-06-03T18:00:00,24.587353625365317
2012-06-03T19:00:00,23.42164784432765
2012-06-03T20:00:00,25.239620926267733
2012-06-03T21:00:00,25.573399574706784
2012-06-03T22:00:00,25.534135447635492
2012-06-03T23:00:00,29.66216817194841
2012-06-04T00:00:00,28.755587587091316
2012-06-04T01:00:00,29.28826497086353
2012-06-04T02:00:00,27.946570865454074
2012-06-04T03:00:00,18.379507611424728
2012-06-04T04:00:00,12.055557052828542
2012-06-04T05:00:00,8.574705807246264
2012-06-04T06:00:00,4.858664390647636
2012-06-04T07:00:00,3.993871242821632
2012-06-04T08:00:00,4.168013222666372
2012-06-04T09:00:00,5.357073490520356
2012-06-04T10:00:00,7.873899246616148
2012-06-04T11:00:00,9.930361088140664
2012-06-04T12:00:00,12.844919070584835
2012-06-04T13:00:00,15.554543729842539
2012-06-04T14:00:00,13.477426726293512
2012-06-04T15:00:00,13.537392058178641
2012-06-04T16:00:00,11.336658550485659
2012-06-04T17:00:00,10.140021914550777
2012-06-04T18:00:00,12.697088321089698
2012-06-04T19:00:00,12.945532702633415
2012-06-04T20:00:00,14.937830216973603
2012-06-04T21:00:00,17.478407577152822
2012-06-04T22:00:00,20.60050485166242
2012-06-04T23:00:00,20.48646755710115
2012-06-05T00:00:00,22.934796211518567
2012-06-05T01:00:00,25.274674839863938
2012-06-05T02:00:00,23.126666114801722
2012-06-05T03:00:00,16.051231402766426
2012-06-05T04:00:00,8.000445518447135
2012-06-05T05:00:00,5.953632015683528
2012-06-05T06:00:00,3.3104390417443748
2012-06-05T07:00:00,2.445240865230467
2012-06-05T08:00:00,3.744958406095518
2012-06-05T09:00:00,7.036132245329942
2012-06-05T10:00:00,9.284274717980068
2012-06-05T11:00:00,14.840937029137518
2012-06-05T12:00:00,17.918783967770384
2012-06-05T13:00:00,15.009751960537617
2012-06-05T14:00:00,16.253948491747305
2012-06-05T15:00:00,15.2378493035344
2012-06-05T16:00:00,17.53729526339088
2012-06-05T17:00:00,18.754829591065057
2012-06-05T18:00:00,20.956177343535916
2012-06-05T19:00:00,20.67363290364025
2012-06-05T20:00:00,19.9366439192259
2012-06-05T21:00:00,21.513355388669712
2012-06-05T22:00:00,27.06627935546458
2012-06-05T23:00:00,26.796616361252095
2012-06-06T00:00:00,28.10480950477384
2012-06-06T01:00:00,23.39908380609805
2012-06-06T02:00:00,26.05023517595596
2012-06-06T03:00:00,21.475071043625977
2012-06-06T04:00:00,11.621986914475034
2012-06-06T05:00:00,8.854341153613966
2012-06-06T06:00:00,4.013281793868491
2012-06-06T07:00:00,4.005363273446749
2012-06-06T08:00:00,3.384882186413883
2012-06-06T09:00:00,4.92215642809861
2012-06-06T10:00:00,9.839324171134137
2012-06-06T11:00:00,14.943422078880253
2012-06-06T12:00:00,17.420922395075774
2012-06-06T13:00:00,17.519778537457828
2012-06-06T14:00:00,17.144327452096384
2012-06-06T15:00:00,17.084732194542962
2012-06-06T16:00:00,18.60481141223268
2012-06-06T17:00:00,17.44186139488321
2012-06-06T18:00:00,18.63615379750838
2012-06-06T19:00:00,18.63146860514117
2012-06-06T20:00:00,22.172317014237372
2012-06-06T21:00:00,29.630774962742162
2012-06-06T22:00:00,35.85659280213735
2012-06-06T23:00:00,34.5677933538448
2012-06-07T00:00:00,33.511830815267075
2012-06-07T01:00:00,34.383573013138786
2012-06-07T02:00:00,34.069597416654574
2012-06-07T03:00:00,26.53385965449325
2012-06-07T04:00:00,14.430801177876644
2012-06-07T05:00:00,8.749805198730808
2012-06-07T06:00:00,4.369902897674377
2012-06-07T07:00:00,5.261191066499835
2012-06-07T08:00:00,5.320588661562777
2012-06-07T09:00:00,7.525968863810672
2012-06-07T10:00:00,13.119738892322584
2012-06-07T11:00:00,14.948529589476617
2012-06-07T12:00:00,22.13240196993219
2012-06-07T13:00:00,21.824666243668414
2012-06-07T14:00:00,22.36327340534161
2012-06-07T15:00:00,19.835657371946112
2012-06-07T16:00:00,17.768268216610405
2012-06-07T17:00:00,19.93518558357631
2012-06-07T18:00:00,24.486168744923667
2012-06-07T19:00:00,24.423173932038043
2012-06-07T20:00:00,31.020139019364034
2012-06-07T21:00:00,37.99321774201603
2012-06-07T22:00:00,47.14748603351953
2012-06-07T23:00:00,52.5023764316403
2012-06-08T00:00:00,46.61375342605486
2012-06-08T01:00:00,45.3777281876499
2012-06-08T02:00:00,47.852323843478395
2012-06-08T03:00:00,35.92174400438864
2012-06-08T04:00:00,25.953313436640947
2012-06-08T05:00:00,17.90023942537909
2012-06-08T06:00:00,12.265351293239735
2012-06-08T07:00:00,7.21870999085505
2012-06-08T08:00:00,8.853238998889436
2012-06-08T09:00:00,8.693072076751244
2012-06-08T10:00:00,14.496342711426504
2012-06-08T11:00:00,15.804935004128556
2012-06-08T12:00:00,21.3329364784539
2012-06-08T13:00:00,20.772558918382806
2012-06-08T14:00:00,19.31625899642658
2012-06-08T15:00:00,16.979318226797446
2012-06-08T16:00:00,16.841564174229912
2012-06-08T17:00:00,17.86784289505058
2012-06-08T18:00:00,15.528614321007755
2012-06-08T19:00:00,17.681244945971006
2012-06-08T20:00:00,23.673654921193666
2012-06-08T21:00:00,37.316855540727744
2012-06-08T22:00:00,51.391385768673366
2012-06-08T23:00:00,57.01594453240091
2012-06-09T00:00:00,66.39234106877343
2012-06-09T01:00:00,66.77943032743364
2012-06-09T02:00:00,69.76222179022845
2012-06-09T03:00:00,59.34710139297266
2012-06-09T04:00:00,47.33274278450178
2012-06-09T05:00:00,31.1135881777478
2012-06-09T06:00:00,22.96142327023645
2012-06-09T07:00:00,16.12369965046262
2012-06-09T08:00:00,9.906909132368034
2012-06-09T09:00:00,6.297064822204489
2012-06-09T10:00:00,9.282195103746833
2012-06-09T11:00:00,11.423961331497944
2012-06-09T12:00:00,19.511300082866253
2012-06-09T13:00:00,19.731583158236845
2012-06-09T14:00:00,25.214027913762976
2012-06-09T15:00:00,26.649673402918552
2012-06-09T16:00:00,29.489986241089316
2012-06-09T17:00:00,27.804400975779703
2012-06-09T18:00:00,33.174215790885206
2012-06-09T19:00:00,36.97503104978511
2012-06-09T20:00:00,47.288207723544446
2012-06-09T21:00:00,64.35030576693715
2012-06-09T22:00:00,83.31086610809169
2012-06-09T23:00:00,88.94996473255276
2012-06-10T00:00:00,81.99983722571268
2012-06-10T01:00:00,82.4475220233827
2012-06-10T02:00:00,95.3240626508848
2012-06-10T03:00:00,92.12362104654673
2012-06-10T04:00:00,70.04584078312756
2012-06-10T05:00:00,50.16836723412746
2012-06-10T06:00:00,38.70408874716638
2012-06-10T07:00:00,16.35162397948659
2012-06-10T08:00:00,12.174628491152099
2012-06-10T09:00:00,7.551605065401663
2012-06-10T10:00:00,5.757495955231916
2012-06-10T11:00:00,7.6854507798078515
2012-06-10T12:00:00,11.097708744334344
2012-06-10T13:00:00,21.580399243127253
2012-06-10T14:00:00,23.15906826382704
2012-06-10T15:00:00,31.00759198113691
2012-06-10T16:00:00,22.498090664855052
2012-06-10T17:00:00,29.697688729669846
2012-06-10T18:00:00,25.53834220793285
2012-06-10T19:00:00,24.441837206622278
2012-06-10T20:00:00,26.175850388812986
2012-06-10T21:00:00,26.486354581270813
2012-06-10T22:00:00,26.352391404989195
2012-06-10T23:00:00,30.735416769633098
2012-06-11T00:00:00,29.923322400314852
2012-06-11T01:00:00,30.610729801734685
2012-06-11T02:00:00,29.0750884652956
2012-06-11T03:00:00,19.17865805052362
2012-06-11T04:00:00,12.547013715676957
2012-06-11T05:00:00,8.914024249399759
2012-06-11T06:00:00,5.07810883509208
2012-06-11T07:00:00,4.19884200305555
2012-06-11T08:00:00,4.345937199274559
2012-06-11T09:00:00,5.567746005140239
2012-06-11T10:00:00,8.108840767083985
2012-06-11T11:00:00,10.162058386943226
2012-06-11T12:00:00,13.13765090015877
2012-06-11T13:00:00,15.949781825080635
2012-06-11T14:00:00,13.977955826822612
2012-06-11T15:00:00,14.018166996880408
2012-06-11T16:00:00,11.682961978432218
2012-06-11T17:00:00,10.444037973292446
2012-06-11T18:00:00,12.944104769502168
2012-06-11T19:00:00,13.324952051837744
2012-06-11T20:00:00,15.447282526425912
2012-06-11T21:00:00,18.090555062984517
2012-06-11T22:00:00,21.381255338991856
2012-06-11T23:00:00,21.268912451388147
2012-06-12T00:00:00,23.808376797599152
2012-06-12T01:00:00,25.96204497460249
2012-06-12T02:00:00,23.734063347198955
2012-06-12T03:00:00,16.505901732436755
2012-06-12T04:00:00,8.258857444962509
2012-06-12T05:00:00,6.097846996105405
2012-06-12T06:00:00,3.4019141375298156
2012-06-12T07:00:00,2.5569221277737983
2012-06-12T08:00:00,3.9161634781626593
2012-06-12T09:00:00,7.371290063246382
2012-06-12T10:00:00,9.806829908638708
2012-06-12T11:00:00,15.498488213862615
2012-06-12T12:00:00,18.674736348722767
2012-06-12T13:00:00,15.6621559172894
2012-06-12T14:00:00,17.066448491747305
2012-06-12T15:00:00,15.903760276619288
2012-06-12T16:00:00,18.620628596724217
2012-06-12T17:00:00,19.846284617520084
2012-06-12T18:00:00,22.18609797845655
2012-06-12T19:00:00,21.760696395703746
2012-06-12T20:00:00,20.861930153938363
2012-06-12T21:00:00,22.492554582008253
2012-06-12T22:00:00,27.910259752723668
2012-06-12T23:00:00,27.53078671427491
2012-06-13T00:00:00,28.80325472985841
2012-06-13T01:00:00,23.903984491326604
2012-06-13T02:00:00,26.745261273826802
2012-06-13T03:00:00,22.04046496075567
2012-06-13T04:00:00,12.137243836916142
2012-06-13T05:00:00,9.148740832764698
2012-06-13T06:00:00,4.192104070550231
2012-06-13T07:00:00,4.187722095606617
2012-06-13T08:00:00,3.5139732965421455
2012-06-13T09:00:00,5.157026691993643
2012-06-13T10:00:00,10.21926708397179
2012-06-13T11:00:00,15.492363877822054
2012-06-13T12:00:00,18.07105467020805
2012-06-13T13:00:00,18.23472562740492
2012-06-13T14:00:00,17.891351261620194
2012-06-13T15:00:00,17.860525845336614
2012-06-13T16:00:00,19.397800830222103
2012-06-13T17:00:00,18.31051218853401
2012-06-13T18:00:00,19.366312527667112
2012-06-13T19:00:00,19.57789717656974
2012-06-13T20:00:00,23.225491617411976
2012-06-13T21:00:00,30.942679724646922
2012-06-13T22:00:00,37.42504518308973
2012-06-13T23:00:00,35.89586443735067
2012-06-14T00:00:00,35.02909272002898
2012-06-14T01:00:00,35.47479311522845
2012-06-14T02:00:00,35.02032915473599
2012-06-14T03:00:00,27.06854483690045
2012-06-14T04:00:00,14.728544399821994
2012-06-14T05:00:00,8.872651449236633
2012-06-14T06:00:00,4.48356381102734
2012-06-14T07:00:00,5.395638073497235
2012-06-14T08:00:00,5.573406729190475
2012-06-14T09:00:00,7.881858588121449
2012-06-14T10:00:00,13.756205057736116
2012-06-14T11:00:00,15.647986565249381
2012-06-14T12:00:00,23.140338477868696
2012-06-14T13:00:00,22.813502633367616
2012-06-14T14:00:00,23.35661194294244
2012-06-14T15:00:00,20.68569640395236
2012-06-14T16:00:00,18.618063298577617
2012-06-14T17:00:00,20.729798139556422
2012-06-14T18:00:00,25.679816285907272
2012-06-14T19:00:00,25.737626730701365
2012-06-14T20:00:00,32.829217270547545
2012-06-14T21:00:00,40.09303673394028
2012-06-14T22:00:00,49.477115663149156
2012-06-14T23:00:00,54.763487542751406
2012-06-15T00:00:00,48.656346018647454
2012-06-15T01:00:00,47.219659404581115
2012-06-15T02:00:00,49.32653019268474
2012-06-15T03:00:00,37.080474163118794
2012-06-15T04:00:00,26.758472166799677
2012-06-15T05:00:00,18.50142990156957
2012-06-15T06:00:00,12.812970340858785
2012-06-15T07:00:00,7.6409322130772726
2012-06-15T08:00:00,9.356413602064038
2012-06-15T09:00:00,9.1975694312486
2012-06-15T10:00:00,15.300509378093171
2012-06-15T11:00:00,16.55403767823123
2012-06-15T12:00:00,22.181274101791523
2012-06-15T13:00:00,21.509034679858566
2012-06-15T14:00:00,20.002970708138292
2012-06-15T15:00:00,17.65458098956021
2012-06-15T16:00:00,17.445588122990703
2012-06-15T17:00:00,18.377422399366925
2012-06-15T18:00:00,16.129575056179014
2012-06-15T19:00:00,18.356565191028093
2012-06-15T20:00:00,24.85373707101266
2012-06-15T21:00:00,39.08286083173303
2012-06-15T22:00:00,53.79786725015485
2012-06-15T23:00:00,59.61131490277128
2012-06-16T00:00:00,69.41138868782105
2012-06-16T01:00:00,69.52083244383576
2012-06-16T02:00:00,72.4360205548167
2012-06-16T03:00:00,61.3034290808793
2012-06-16T04:00:00,48.51292999495215
2012-06-16T05:00:00,31.648801843224625
2012-06-16T06:00:00,23.2855062048457
2012-06-16T07:00:00,16.42051428806673
2012-06-16T08:00:00,10.214051989510892
2012-06-16T09:00:00,6.55301720315687
2012-06-16T10:00:00,9.754814151365881
2012-06-16T11:00:00,11.862128128271298
2012-06-16T12:00:00,20.485109606675778
2012-06-16T13:00:00,20.6294775983444
2012-06-16T14:00:00,26.589027913762973
2012-06-16T15:00:00,27.830014903968518
2012-06-16T16:00:00,30.84139282283029
2012-06-16T17:00:00,29.010628859714593
2012-06-16T18:00:00,34.58596373872625
2012-06-16T19:00:00,38.605674928340804
2012-06-16T20:00:00,49.56550945412433
2012-06-16T21:00:00,67.26449790636673
2012-06-16T22:00:00,86.55981265943345
2012-06-16T23:00:00,92.31232334865389
2012-06-17T00:00:00,85.21158040601874
2012-06-17T01:00:00,85.91342355365549
2012-06-17T02:00:00,98.77131605631737
2012-06-17T03:00:00,95.05177484914273
2012-06-17T04:00:00,71.98167475667273
2012-06-17T05:00:00,51.18736316199673
2012-06-17T06:00:00,39.17875472342471
2012-06-17T07:00:00,16.57459695245956
2012-06-17T08:00:00,12.290029606553215
2012-06-17T09:00:00,7.70309584189244
2012-06-17T10:00:00,5.944857659040989
2012-06-17T11:00:00,8.095785456589898
2012-06-17T12:00:00,11.647012747585716
2012-06-17T13:00:00,22.65641275664077
2012-06-17T14:00:00,24.055839565203605
2012-06-17T15:00:00,32.433530137338224
2012-06-17T16:00:00,23.472436251042744
2012-06-17T17:00:00,30.97698070961972
2012-06-17T18:00:00,26.48933079050038
2012-06-17T19:00:00,25.462026568916905
2012-06-17T20:00:00,27.11207985135824
2012-06-17T21:00:00,27.399309587834843
2012-06-17T22:00:00,27.170647362342898
2012-06-17T23:00:00,31.808665367317786
2012-06-18T00:00:00,31.091057213538384
2012-06-18T01:00:00,31.93319463260584
2012-06-18T02:00:00,30.20360606513713
2012-06-18T03:00:00,19.97780848962251
2012-06-18T04:00:00,13.038470378525371
2012-06-18T05:00:00,9.253342691553252
2012-06-18T06:00:00,5.297553279536524
2012-06-18T07:00:00,4.403812763289468
2012-06-18T08:00:00,4.523861175882747
2012-06-18T09:00:00,5.778418519760122
2012-06-18T10:00:00,8.343782287551821
2012-06-18T11:00:00,10.39375568574579
2012-06-18T12:00:00,13.430382729732706
2012-06-18T13:00:00,16.34501992031873
2012-06-18T14:00:00,14.478484927351712
2012-06-18T15:00:00,14.498941935582176
2012-06-18T16:00:00,12.029265406378778
2012-06-18T17:00:00,10.748054032034114
2012-06-18T18:00:00,13.191121217914636
2012-06-18T19:00:00,13.704371401042074
2012-06-18T20:00:00,15.956734835878223
2012-06-18T21:00:00,18.702702548816216
2012-06-18T22:00:00,22.16200582632129
2012-06-18T23:00:00,22.05135734567515
2012-06-19T00:00:00,24.681957383679737
2012-06-19T01:00:00,26.64941510934105
2012-06-19T02:00:00,24.341460579596184
2012-06-19T03:00:00,16.960572062107083
2012-06-19T04:00:00,8.517269371477882
2012-06-19T05:00:00,6.242061976527282
2012-06-19T06:00:00,3.493389233315256
2012-06-19T07:00:00,2.66860339031713
2012-06-19T08:00:00,4.087368550229801
2012-06-19T09:00:00,7.706447881162821
2012-06-19T10:00:00,10.329385099297347
2012-06-19T11:00:00,16.156039398587716
2012-06-19T12:00:00,19.430688729675147
2012-06-19T13:00:00,16.314559874041183
2012-06-19T14:00:00,17.87894849174731
2012-06-19T15:00:00,16.56967124970417
2012-06-19T16:00:00,19.703961930057552
2012-06-19T17:00:00,20.93773964397511
2012-06-19T18:00:00,23.41601861337719
2012-06-19T19:00:00,22.84775988776724
2012-06-19T20:00:00,21.78721638865083
2012-06-19T21:00:00,23.47175377534679
2012-06-19T22:00:00,28.754240149982756
2012-06-19T23:00:00,28.264957067297722
2012-06-20T00:00:00,29.50169995494298
2012-06-20T01:00:00,24.40888517655516
2012-06-20T02:00:00,27.440287371697647
2012-06-20T03:00:00,22.605858877885368
2012-06-20T04:00:00,12.65250075935725
2012-06-20T05:00:00,9.44314051191543
2012-06-20T06:00:00,4.370926347231972
2012-06-20T07:00:00,4.370080917766486
2012-06-20T08:00:00,3.6430644066704074
2012-06-20T09:00:00,5.391896955888675
2012-06-20T10:00:00,10.599209996809439
2012-06-20T11:00:00,16.041305676763855
2012-06-20T12:00:00,18.721186945340328
2012-06-20T13:00:00,18.94967271735201
2012-06-20T14:00:00,18.638375071144004
2012-06-20T15:00:00,18.636319496130266
2012-06-20T16:00:00,20.19079024821152
2012-06-20T17:00:00,19.179162982184803
2012-06-20T18:00:00,20.096471257825844
2012-06-20T19:00:00,20.52432574799831
2012-06-20T20:00:00,24.278666220586576
2012-06-20T21:00:00,32.254584486551686
2012-06-20T22:00:00,38.99349756404211
2012-06-20T23:00:00,37.223935520856536
2012-06-21T00:00:00,36.54635462479089
2012-06-21T01:00:00,36.56601321731812
2012-06-21T02:00:00,35.971060892817405
2012-06-21T03:00:00,27.60323001930765
2012-06-21T04:00:00,15.026287621767345
2012-06-21T05:00:00,8.995497699742458
2012-06-21T06:00:00,4.597224724380303
2012-06-21T07:00:00,5.530085080494633
2012-06-21T08:00:00,5.826224796818173
2012-06-21T09:00:00,8.237748312432226
2012-06-21T10:00:00,14.39267122314965
2012-06-21T11:00:00,16.347443541022145
2012-06-21T12:00:00,24.1482749858052
2012-06-21T13:00:00,23.802339023066818
2012-06-21T14:00:00,24.34995048054327
2012-06-21T15:00:00,21.535735435958603
2012-06-21T16:00:00,19.46785838054483
2012-06-21T17:00:00,21.524410695536538
2012-06-21T18:00:00,26.87346382689088
2012-06-21T19:00:00,27.05207952936469
2012-06-21T20:00:00,34.63829552173106
2012-06-21T21:00:00,42.19285572586453
2012-06-21T22:00:00,51.806745292778785
2012-06-21T23:00:00,57.02459865386251
2012-06-22T00:00:00,50.69893861124005
2012-06-22T01:00:00,49.06159062151233
2012-06-22T02:00:00,50.80073654189109
2012-06-22T03:00:00,38.23920432184896
2012-06-22T04:00:00,27.563630896958408
2012-06-22T05:00:00,19.102620377760044
2012-06-22T06:00:00,13.360589388477832
2012-06-22T07:00:00,8.063154435299495
2012-06-22T08:00:00,9.85958820523864
2012-06-22T09:00:00,9.702066785745954
2012-06-22T10:00:00,16.104676044759834
2012-06-22T11:00:00,17.303140352333905
2012-06-22T12:00:00,23.029611725129143
2012-06-22T13:00:00,22.24551044133433
2012-06-22T14:00:00,20.68968241985
2012-06-22T15:00:00,18.329843752322972
2012-06-22T16:00:00,18.049612071751493
2012-06-22T17:00:00,18.88700190368327
2012-06-22T18:00:00,16.730535791350277
2012-06-22T19:00:00,19.03188543608518
2012-06-22T20:00:00,26.033819220831653
2012-06-22T21:00:00,40.84886612273833
2012-06-22T22:00:00,56.20434873163633
2012-06-22T23:00:00,62.206685273141645
2012-06-23T00:00:00,72.43043630686867
2012-06-23T01:00:00,72.26223456023789
2012-06-23T02:00:00,75.10981931940493
2012-06-23T03:00:00,63.259756768785934
2012-06-23T04:00:00,49.693117205402515
2012-06-23T05:00:00,32.18401550870145
2012-06-23T06:00:00,23.60958913945495
2012-06-23T07:00:00,16.71732892567084
2012-06-23T08:00:00,10.52119484665375
2012-06-23T09:00:00,6.808969584109251
2012-06-23T10:00:00,10.22743319898493
2012-06-23T11:00:00,12.300294925044653
2012-06-23T12:00:00,21.4589191304853
2012-06-23T13:00:00,21.527372038451954
2012-06-23T14:00:00,27.964027913762973
2012-06-23T15:00:00,29.010356405018488
2012-06-23T16:00:00,32.19279940457127
2012-06-23T17:00:00,30.21685674364948
2012-06-23T18:00:00,35.9977116865673
2012-06-23T19:00:00,40.236318806896506
2012-06-23T20:00:00,51.84281118470422
2012-06-23T21:00:00,70.17869004579629
2012-06-23T22:00:00,89.80875921077521
2012-06-23T23:00:00,95.67468196475502
2012-06-24T00:00:00,88.42332358632478
2012-06-24T01:00:00,89.37932508392828
2012-06-24T02:00:00,102.21856946174996
2012-06-24T03:00:00,97.97992865173873
2012-06-24T04:00:00,73.91750873021792
2012-06-24T05:00:00,52.20635908986599
2012-06-24T06:00:00,39.653420699683046
2012-06-24T07:00:00,16.797569925432533
2012-06-24T08:00:00,12.40543072195433
2012-06-24T09:00:00,7.854586618383216
2012-06-24T10:00:00,6.132219362850061
2012-06-24T11:00:00,8.506120133371944
2012-06-24T12:00:00,12.196316750837088
2012-06-24T13:00:00,23.732426270154285
2012-06-24T14:00:00,24.952610866580173
2012-06-24T15:00:00,33.859468293539535
2012-06-24T16:00:00,24.446781837230436
2012-06-24T17:00:00,32.2562726895696
2012-06-24T18:00:00,27.440319373067908
2012-06-24T19:00:00,26.48221593121153
2012-06-24T20:00:00,28.04830931390349
2012-06-24T21:00:00,28.31226459439887
2012-06-24T22:00:00,27.988903319696597
2012-06-24T23:00:00,32.881913965002475
2012-06-25T00:00:00,32.258792026761924
2012-06-25T01:00:00,33.255659463476995
2012-06-25T02:00:00,31.332123664978656
2012-06-25T03:00:00,20.776958928721406
2012-06-25T04:00:00,13.529927041373787
2012-06-25T05:00:00,9.592661133706745
2012-06-25T06:00:00,5.516997723980969
2012-06-25T07:00:00,4.608783523523387
2012-06-25T08:00:00,4.701785152490934
2012-06-25T09:00:00,5.989091034380005
2012-06-25T10:00:00,8.578723808019658
2012-06-25T11:00:00,10.625452984548351
2012-06-25T12:00:00,13.72311455930664
2012-06-25T13:00:00,16.740258015556826
2012-06-25T14:00:00,14.979014027880813
2012-06-25T15:00:00,14.979716874283945
2012-06-25T16:00:00,12.375568834325337
2012-06-25T17:00:00,11.052070090775782
2012-06-25T18:00:00,13.438137666327105
2012-06-25T19:00:00,14.083790750246404
2012-06-25T20:00:00,16.466187145330533
2012-06-25T21:00:00,19.31485003464791
2012-06-25T22:00:00,22.942756313650722
2012-06-25T23:00:00,22.833802239962147
2012-06-26T00:00:00,25.555537969760323
2012-06-26T01:00:00,27.336785244079604
2012-06-26T02:00:00,24.948857811993417
2012-06-26T03:00:00,17.41524239177741
2012-06-26T04:00:00,8.775681297993257
2012-06-26T05:00:00,6.386276956949159
2012-06-26T06:00:00,3.5848643291006965
2012-06-26T07:00:00,2.7802846528604612
2012-06-26T08:00:00,4.258573622296942
2012-06-26T09:00:00,8.041605699079259
2012-06-26T10:00:00,10.851940289955987
2012-06-26T11:00:00,16.813590583312813
2012-06-26T12:00:00,20.18664111062753
2012-06-26T13:00:00,16.966963830792967
2012-06-26T14:00:00,18.69144849174731
2012-06-26T15:00:00,17.23558222278906
2012-06-26T16:00:00,20.787295263390885
2012-06-26T17:00:00,22.029194670430137
2012-06-26T18:00:00,24.64593924829782
2012-06-26T19:00:00,23.934823379830732
2012-06-26T20:00:00,22.712502623363296
2012-06-26T21:00:00,24.450952968685332
2012-06-26T22:00:00,29.59822054724184
2012-06-26T23:00:00,28.999127420320534
2012-06-27T00:00:00,30.200145180027548
2012-06-27T01:00:00,24.913785861783715
2012-06-27T02:00:00,28.135313469568487
2012-06-27T03:00:00,23.17125279501506
2012-06-27T04:00:00,13.16775768179836
2012-06-27T05:00:00,9.737540191066165
2012-06-27T06:00:00,4.549748623913712
2012-06-27T07:00:00,4.552439739926354
2012-06-27T08:00:00,3.77215551679867
2012-06-27T09:00:00,5.626767219783707
2012-06-27T10:00:00,10.97915290964709
2012-06-27T11:00:00,16.590247475705652
2012-06-27T12:00:00,19.371319220472603
2012-06-27T13:00:00,19.6646198072991
2012-06-27T14:00:00,19.385398880667815
2012-06-27T15:00:00,19.412113146923918
2012-06-27T16:00:00,20.98377966620094
2012-06-27T17:00:00,20.0478137758356
2012-06-27T18:00:00,20.826629987984575
2012-06-27T19:00:00,21.47075431942688
2012-06-27T20:00:00,25.331840823761176
2012-06-27T21:00:00,33.56648924845644
2012-06-27T22:00:00,40.56194994499449
2012-06-27T23:00:00,38.552006604362404
2012-06-28T00:00:00,38.06361652955279
2012-06-28T01:00:00,37.657233319407794
2012-06-28T02:00:00,36.92179263089882
2012-06-28T03:00:00,28.13791520171485
2012-06-28T04:00:00,15.324030843712695
2012-06-28T05:00:00,9.118343950248285
2012-06-28T06:00:00,4.7108856377332655
2012-06-28T07:00:00,5.664532087492032
2012-06-28T08:00:00,6.079042864445871
2012-06-28T09:00:00,8.593638036743002
2012-06-28T10:00:00,15.029137388563184
2012-06-28T11:00:00,17.04690051679491
2012-06-28T12:00:00,25.156211493741708
2012-06-28T13:00:00,24.79117541276602
2012-06-28T14:00:00,25.3432890181441
2012-06-28T15:00:00,22.385774467964847
2012-06-28T16:00:00,20.31765346251204
2012-06-28T17:00:00,22.31902325151665
2012-06-28T18:00:00,28.06711136787449
2012-06-28T19:00:00,28.366532328028015
2012-06-28T20:00:00,36.447373772914574
2012-06-28T21:00:00,44.292674717788785
2012-06-28T22:00:00,54.13637492240841
2012-06-28T23:00:00,59.285709764973625
2012-06-29T00:00:00,52.741531203832636
2012-06-29T01:00:00,50.903521838443545
2012-06-29T02:00:00,52.27494289109744
2012-06-29T03:00:00,39.39793448057912
2012-06-29T04:00:00,28.36878962711714
2012-06-29T05:00:00,19.70381085395052
2012-06-29T06:00:00,13.90820843609688
2012-06-29T07:00:00,8.485376657521716
2012-06-29T08:00:00,10.362762808413244
2012-06-29T09:00:00,10.206564140243309
2012-06-29T10:00:00,16.9088427114265
2012-06-29T11:00:00,18.052243026436578
2012-06-29T12:00:00,23.877949348466768
2012-06-29T13:00:00,22.98198620281009
2012-06-29T14:00:00,21.376394131561714
2012-06-29T15:00:00,19.005106515085735
2012-06-29T16:00:00,18.653636020512284
2012-06-29T17:00:00,19.39658140799962
2012-06-29T18:00:00,17.33149652652154
2012-06-29T19:00:00,19.707205681142266
2012-06-29T20:00:00,27.213901370650646
2012-06-29T21:00:00,42.614871413743614
2012-06-29T22:00:00,58.61083021311781
2012-06-29T23:00:00,64.80205564351202
2012-06-30T00:00:00,75.4494839259163
2012-06-30T01:00:00,75.00363667664
2012-06-30T02:00:00,77.78361808399318
2012-06-30T03:00:00,65.21608445669257
2012-06-30T04:00:00,50.873304415852886
2012-06-30T05:00:00,32.719229174178274
2012-06-30T06:00:00,23.9336720740642
2012-06-30T07:00:00,17.014143563274956
2012-06-30T08:00:00,10.828337703796606
2012-06-30T09:00:00,7.064921965061632
2012-06-30T10:00:00,10.700052246603978
2012-06-30T11:00:00,12.738461721818007
2012-06-30T12:00:00,22.432728654294824
2012-06-30T13:00:00,22.42526647855951
2012-06-30T14:00:00,29.339027913762973
2012-06-30T15:00:00,30.190697906068458
2012-06-30T16:00:00,33.54420598631224
2012-06-30T17:00:00,31.423084627584373
2012-06-30T18:00:00,37.40945963440835
2012-06-30T19:00:00,41.8669626854522
2012-06-30T20:00:00,54.12011291528411
2012-06-30T21:00:00,73.09288218522585
2012-06-30T22:00:00,93.05770576211697
2012-06-30T23:00:00,99.03704058085616
2012-07-01T00:00:00,91.63506676663084
2012-07-01T01:00:00,92.84522661420107
2012-07-01T02:00:00,105.66582286718256
2012-07-01T03:00:00,100.90808245433473
2012-07-01T04:00:00,75.85334270376309
2012-07-01T05:00:00,53.225355017735254
2012-07-01T06:00:00,40.12808667594138
2012-07-01T07:00:00,17.02054289840551
2012-07-01T08:00:00,12.520831837355445
2012-07-01T09:00:00,8.006077394873993
2012-07-01T10:00:00,6.319581066659134
2012-07-01T11:00:00,8.916454810153988
2012-07-01T12:00:00,12.74562075408846
2012-07-01T13:00:00,24.808439783667797
2012-07-01T14:00:00,25.849382167956737
2012-07-01T15:00:00,35.28540644974085
2012-07-01T16:00:00,25.421127423418127
2012-07-01T17:00:00,33.535564669519474
2012-07-01T18:00:00,28.39130795563544
2012-07-01T19:00:00,27.502405293506158
2012-07-01T20:00:00,28.984538776448744
2012-07-01T21:00:00,29.2252196009629
2012-07-01T22:00:00,28.8071592770503
2012-07-01T23:00:00,33.955162562687164
2012-07-02T00:00:00,33.426526839985456
2012-07-02T01:00:00,34.57812429434815
2012-07-02T02:00:00,32.46064126482018
2012-07-02T03:00:00,21.576109367820294
2012-07-02T04:00:00,14.021383704222202
2012-07-02T05:00:00,9.93197957586024
2012-07-02T06:00:00,5.736442168425413
2012-07-02T07:00:00,4.813754283757305
2012-07-02T08:00:00,4.879709129099121
2012-07-02T09:00:00,6.199763548999888
2012-07-02T10:00:00,8.813665328487495
2012-07-02T11:00:00,10.857150283350915
2012-07-02T12:00:00,14.015846388880577
2012-07-02T13:00:00,17.13549611079492
2012-07-02T14:00:00,15.479543128409915
2012-07-02T15:00:00,15.460491812985712
2012-07-02T16:00:00,12.721872262271898
2012-07-02T17:00:00,11.356086149517452
2012-07-02T18:00:00,13.685154114739575
2012-07-02T19:00:00,14.463210099450734
2012-07-02T20:00:00,16.97563945478284
2012-07-02T21:00:00,19.926997520479606
2012-07-02T22:00:00,23.723506800980157
2012-07-02T23:00:00,23.616247134249146
2012-07-03T00:00:00,26.429118555840912
2012-07-03T01:00:00,28.02415537881816
2012-07-03T02:00:00,25.55625504439065
2012-07-03T03:00:00,17.86991272144774
2012-07-03T04:00:00,9.03409322450863
2012-07-03T05:00:00,6.530491937371035
2012-07-03T06:00:00,3.6763394248861374
2012-07-03T07:00:00,2.8919659154037927
2012-07-03T08:00:00,4.429778694364083
2012-07-03T09:00:00,8.376763516995698
2012-07-03T10:00:00,11.374495480614627
2012-07-03T11:00:00,17.471141768037914
2012-07-03T12:00:00,20.942593491579913
2012-07-03T13:00:00,17.619367787544753
2012-07-03T14:00:00,19.50394849174731
2012-07-03T15:00:00,17.901493195873947
2012-07-03T16:00:00,21.870628596724217
2012-07-03T17:00:00,23.120649696885167
2012-07-03T18:00:00,25.87585988321846
2012-07-03T19:00:00,25.021886871894225
2012-07-03T20:00:00,23.63778885807576
2012-07-03T21:00:00,25.43015216202387
2012-07-03T22:00:00,30.44220094450093
2012-07-03T23:00:00,29.733297773343345
2012-07-04T00:00:00,30.89859040511212
2012-07-04T01:00:00,25.418686547012268
2012-07-04T02:00:00,28.83033956743933
2012-07-04T03:00:00,23.736646712144754
2012-07-04T04:00:00,13.683014604239467
2012-07-04T05:00:00,10.031939870216897
2012-07-04T06:00:00,4.728570900595452
2012-07-04T07:00:00,4.734798562086222
2012-07-04T08:00:00,3.901246626926932
2012-07-04T09:00:00,5.86163748367874
2012-07-04T10:00:00,11.35909582248474
2012-07-04T11:00:00,17.139189274647453
2012-07-04T12:00:00,20.02145149560488
2012-07-04T13:00:00,20.379566897246193
2012-07-04T14:00:00,20.132422690191625
2012-07-04T15:00:00,20.18790679771757
2012-07-04T16:00:00,21.77676908419036
2012-07-04T17:00:00,20.916464569486394
2012-07-04T18:00:00,21.556788718143302
2012-07-04T19:00:00,22.41718289085545
2012-07-04T20:00:00,26.38501542693578
2012-07-04T21:00:00,34.878394010361205
2012-07-04T22:00:00,42.13040232594687
2012-07-04T23:00:00,39.880077687868265
2012-07-05T00:00:00,39.5808784343147
2012-07-05T01:00:00,38.74845342149746
2012-07-05T02:00:00,37.87252436898024
2012-07-05T03:00:00,28.67260038412205
2012-07-05T04:00:00,15.621774065658045
2012-07-05T05:00:00,9.24119020075411
2012-07-05T06:00:00,4.824546551086229
2012-07-05T07:00:00,5.798979094489431
2012-07-05T08:00:00,6.331860932073569
2012-07-05T09:00:00,8.94952776105378
2012-07-05T10:00:00,15.665603553976718
2012-07-05T11:00:00,17.746357492567675
2012-07-05T12:00:00,26.164148001678218
2012-07-05T13:00:00,25.780011802465218
2012-07-05T14:00:00,26.336627555744933
2012-07-05T15:00:00,23.23581349997109
2012-07-05T16:00:00,21.167448544479257
2012-07-05T17:00:00,23.113635807496763
2012-07-05T18:00:00,29.260758908858094
2012-07-05T19:00:00,29.68098512669134
2012-07-05T20:00:00,38.25645202409809
2012-07-05T21:00:00,46.39249370971304
2012-07-05T22:00:00,56.466004552038044
2012-07-05T23:00:00,61.54682087608474
2012-07-06T00:00:00,54.784123796425234
2012-07-06T01:00:00,52.74545305537477
2012-07-06T02:00:00,53.749149240303794
2012-07-06T03:00:00,40.556664639309275
2012-07-06T04:00:00,29.17394835727587
2012-07-06T05:00:00,20.305001330140996
2012-07-06T06:00:00,14.455827483715927
2012-07-06T07:00:00,8.907598879743938
2012-07-06T08:00:00,10.865937411587847
2012-07-06T09:00:00,10.711061494740662
2012-07-06T10:00:00,17.71300937809317
2012-07-06T11:00:00,18.80134570053925
2012-07-06T12:00:00,24.72628697180439
2012-07-06T13:00:00,23.71846196428585
2012-07-06T14:00:00,22.063105843273426
2012-07-06T15:00:00,19.6803692778485
2012-07-06T16:00:00,19.257659969273078
2012-07-06T17:00:00,19.906160912315965
2012-07-06T18:00:00,17.9324572616928
2012-07-06T19:00:00,20.382525926199357
2012-07-06T20:00:00,28.393983520469636
2012-07-06T21:00:00,44.38087670474891
2012-07-06T22:00:00,61.01731169459929
2012-07-06T23:00:00,67.3974260138824
2012-07-07T00:00:00,78.46853154496391
2012-07-07T01:00:00,77.74503879304211
2012-07-07T02:00:00,80.4574168485814
2012-07-07T03:00:00,67.1724121445992
2012-07-07T04:00:00,52.053491626303256
2012-07-07T05:00:00,33.2544428396551
2012-07-07T06:00:00,24.257755008673453
2012-07-07T07:00:00,17.310958200879067
2012-07-07T08:00:00,11.135480560939465
2012-07-07T09:00:00,7.320874346014014
2012-07-07T10:00:00,11.172671294223026
2012-07-07T11:00:00,13.176628518591361
2012-07-07T12:00:00,23.40653817810435
2012-07-07T13:00:00,23.323160918667064
2012-07-07T14:00:00,30.714027913762973
2012-07-07T15:00:00,31.371039407118424
2012-07-07T16:00:00,34.89561256805322
2012-07-07T17:00:00,32.62931251151926
2012-07-07T18:00:00,38.82120758224939
2012-07-07T19:00:00,43.497606564007896
2012-07-07T20:00:00,56.39741464586399
2012-07-07T21:00:00,76.0070743246554
2012-07-07T22:00:00,96.30665231345873
2012-07-07T23:00:00,102.39939919695729
2012-07-08T00:00:00,94.8468099469369
2012-07-08T01:00:00,96.31112814447386
2012-07-08T02:00:00,109.11307627261515
2012-07-08T03:00:00,103.83623625693073
2012-07-08T04:00:00,77.78917667730826
2012-07-08T05:00:00,54.24435094560452
2012-07-08T06:00:00,40.60275265219971
2012-07-08T07:00:00,17.24351587137848
2012-07-08T08:00:00,12.636232952756561
2012-07-08T09:00:00,8.157568171364769
2012-07-08T10:00:00,6.506942770468206
2012-07-08T11:00:00,9.326789486936034
2012-07-08T12:00:00,13.294924757339832
2012-07-08T13:00:00,25.88445329718131
2012-07-08T14:00:00,26.7461534693333
2012-07-08T15:00:00,36.711344605942166
2012-07-08T16:00:00,26.39547300960582
2012-07-08T17:00:00,34.81485664946935
2012-07-08T18:00:00,29.34229653820297
2012-07-08T19:00:00,28.52259465580078
2012-07-08T20:00:00,29.920768238993993
2012-07-08T21:00:00,30.138174607526928
2012-07-08T22:00:00,29.625415234404002
2012-07-08T23:00:00,35.028411160371846
2012-07-09T00:00:00,34.59426165320899
2012-07-09T01:00:00,35.900589125219305
2012-07-09T02:00:00,33.58915886466171
2012-07-09T03:00:00,22.37525980691919
2012-07-09T04:00:00,14.512840367070616
2012-07-09T05:00:00,10.271298018013733
2012-07-09T06:00:00,5.955886612869858
2012-07-09T07:00:00,5.018725043991223
2012-07-09T08:00:00,5.057633105707308
2012-07-09T09:00:00,6.4104360636197715
2012-07-09T10:00:00,9.04860684895533
2012-07-09T11:00:00,11.088847582153477
2012-07-09T12:00:00,14.308578218454512
2012-07-09T13:00:00,17.530734206033017
2012-07-09T14:00:00,15.980072228939015
2012-07-09T15:00:00,15.941266751687479
2012-07-09T16:00:00,13.068175690218457
2012-07-09T17:00:00,11.660102208259119
2012-07-09T18:00:00,13.932170563152043
2012-07-09T19:00:00,14.842629448655064
2012-07-09T20:00:00,17.48509176423515
2012-07-09T21:00:00,20.5391450063113
2012-07-09T22:00:00,24.504257288309592
2012-07-09T23:00:00,24.398692028536146
2012-07-10T00:00:00,27.302699141921497
2012-07-10T01:00:00,28.711525513556715
2012-07-10T02:00:00,26.16365227678788
2012-07-10T03:00:00,18.32458305111807
2012-07-10T04:00:00,9.292505151024006
2012-07-10T05:00:00,6.6747069177929115
2012-07-10T06:00:00,3.767814520671578
2012-07-10T07:00:00,3.0036471779471245
2012-07-10T08:00:00,4.6009837664312245
2012-07-10T09:00:00,8.711921334912137
2012-07-10T10:00:00,11.897050671273266
2012-07-10T11:00:00,18.12869295276301
2012-07-10T12:00:00,21.698545872532293
2012-07-10T13:00:00,18.271771744296537
2012-07-10T14:00:00,20.31644849174731
2012-07-10T15:00:00,18.567404168958834
2012-07-10T16:00:00,22.953961930057552
2012-07-10T17:00:00,24.212104723340193
2012-07-10T18:00:00,27.105780518139095
2012-07-10T19:00:00,26.108950363957717
2012-07-10T20:00:00,24.563075092788225
2012-07-10T21:00:00,26.40935135536241
2012-07-10T22:00:00,31.286181341760013
2012-07-10T23:00:00,30.46746812636616
2012-07-11T00:00:00,31.59703563019669
2012-07-11T01:00:00,25.923587232240823
2012-07-11T02:00:00,29.525365665310176
2012-07-11T03:00:00,24.30204062927445
2012-07-11T04:00:00,14.198271526680577
2012-07-11T05:00:00,10.326339549367631
2012-07-11T06:00:00,4.907393177277193
2012-07-11T07:00:00,4.9171573842460905
2012-07-11T08:00:00,4.030337737055194
2012-07-11T09:00:00,6.096507747573772
2012-07-11T10:00:00,11.73903873532239
2012-07-11T11:00:00,17.688131073589254
2012-07-11T12:00:00,20.671583770737154
2012-07-11T13:00:00,21.09451398719328
2012-07-11T14:00:00,20.879446499715435
2012-07-11T15:00:00,20.963700448511222
2012-07-11T16:00:00,22.56975850217978
2012-07-11T17:00:00,21.785115363137187
2012-07-11T18:00:00,22.286947448302037
2012-07-11T19:00:00,23.36361146228402
2012-07-11T20:00:00,27.43819003011038
2012-07-11T21:00:00,36.19029877226596
2012-07-11T22:00:00,43.69885470689925
2012-07-11T23:00:00,41.208148771374134
2012-07-12T00:00:00,41.0981403390766
2012-07-12T01:00:00,39.83967352358713
2012-07-12T02:00:00,38.82325610706165
2012-07-12T03:00:00,29.20728556652925
2012-07-12T04:00:00,15.919517287603394
2012-07-12T05:00:00,9.364036451259935
2012-07-12T06:00:00,4.938207464439191
2012-07-12T07:00:00,5.9334261014868295
2012-07-12T08:00:00,6.584678999701267
2012-07-12T09:00:00,9.305417485364556
2012-07-12T10:00:00,16.302069719390254
2012-07-12T11:00:00,18.44581446834044
2012-07-12T12:00:00,27.172084509614724
2012-07-12T13:00:00,26.76884819216442
2012-07-12T14:00:00,27.329966093345767
2012-07-12T15:00:00,24.085852531977334
2012-07-12T16:00:00,22.017243626446465
2012-07-12T17:00:00,23.90824836347688
2012-07-12T18:00:00,30.4544064498417
2012-07-12T19:00:00,30.995437925354665
2012-07-12T20:00:00,40.0655302752816
2012-07-12T21:00:00,48.492312701637296
2012-07-12T22:00:00,58.795634181667666
2012-07-12T23:00:00,63.80793198719584
2012-07-13T00:00:00,56.82671638901782
2012-07-13T01:00:00,54.58738427230598
2012-07-13T02:00:00,55.223355589510135
2012-07-13T03:00:00,41.71539479803943
2012-07-13T04:00:00,29.9791070874346
2012-07-13T05:00:00,20.906191806331474
2012-07-13T06:00:00,15.003446531334975
2012-07-13T07:00:00,9.32982110196616
2012-07-13T08:00:00,11.36911201476245
2012-07-13T09:00:00,11.215558849238016
2012-07-13T10:00:00,18.517176044759836
2012-07-13T11:00:00,19.550448374641924
2012-07-13T12:00:00,25.574624595142016
2012-07-13T13:00:00,24.454937725761614
2012-07-13T14:00:00,22.74981755498514
2012-07-13T15:00:00,20.355632040611262
2012-07-13T16:00:00,19.86168391803387
2012-07-13T17:00:00,20.41574041663231
2012-07-13T18:00:00,18.53341799686406
2012-07-13T19:00:00,21.057846171256443
2012-07-13T20:00:00,29.57406567028863
2012-07-13T21:00:00,46.1468819957542
2012-07-13T22:00:00,63.42379317608078
2012-07-13T23:00:00,69.99279638425276
2012-07-14T00:00:00,81.48757916401152
2012-07-14T01:00:00,80.48644090944423
2012-07-14T02:00:00,83.13121561316964
2012-07-14T03:00:00,69.12873983250584
2012-07-14T04:00:00,53.233678836753626
2012-07-14T05:00:00,33.78965650513192
2012-07-14T06:00:00,24.581837943282704
2012-07-14T07:00:00,17.60777283848318
2012-07-14T08:00:00,11.442623418082322
2012-07-14T09:00:00,7.576826726966395
2012-07-14T10:00:00,11.645290341842074
2012-07-14T11:00:00,13.614795315364717
2012-07-14T12:00:00,24.38034770191387
2012-07-14T13:00:00,24.22105535877462
2012-07-14T14:00:00,32.089027913762976
2012-07-14T15:00:00,32.5513809081684
2012-07-14T16:00:00,36.2470191497942
2012-07-14T17:00:00,33.835540395454146
2012-07-14T18:00:00,40.232955530090436
2012-07-14T19:00:00,45.1282504425636
2012-07-14T20:00:00,58.67471637644388
2012-07-14T21:00:00,78.92126646408497
2012-07-14T22:00:00,99.55559886480049
2012-07-14T23:00:00,105.76175781305842
2012-07-15T00:00:00,98.05855312724296
2012-07-15T01:00:00,99.77702967474664
2012-07-15T02:00:00,112.56032967804774
2012-07-15T03:00:00,106.76439005952673
2012-07-15T04:00:00,79.72501065085343
2012-07-15T05:00:00,55.263346873473786
2012-07-15T06:00:00,41.07741862845805
2012-07-15T07:00:00,17.466488844351453
2012-07-15T08:00:00,12.751634068157676
2012-07-15T09:00:00,8.309058947855547
2012-07-15T10:00:00,6.694304474277279
2012-07-15T11:00:00,9.737124163718079
2012-07-15T12:00:00,13.844228760591205
2012-07-15T13:00:00,26.960466810694825
2012-07-15T14:00:00,27.642924770709868
2012-07-15T15:00:00,38.13728276214348
2012-07-15T16:00:00,27.36981859579351
2012-07-15T17:00:00,36.09414862941922
2012-07-15T18:00:00,30.2932851207705
2012-07-15T19:00:00,29.542784018095407
2012-07-15T20:00:00,30.85699770153925
2012-07-15T21:00:00,31.05112961409096
2012-07-15T22:00:00,30.4436711917577
2012-07-15T23:00:00,36.101659758056535
2012-07-16T00:00:00,35.76199646643253
2012-07-16T01:00:00,37.22305395609046
2012-07-16T02:00:00,34.71767646450324
2012-07-16T03:00:00,23.17441024601808
2012-07-16T04:00:00,15.004297029919032
2012-07-16T05:00:00,10.610616460167225
2012-07-16T06:00:00,6.1753310573143025
2012-07-16T07:00:00,5.223695804225141
2012-07-16T08:00:00,5.235557082315495
2012-07-16T09:00:00,6.621108578239655
2012-07-16T10:00:00,9.283548369423167
2012-07-16T11:00:00,11.320544880956039
2012-07-16T12:00:00,14.601310048028449
2012-07-16T13:00:00,17.925972301271113
2012-07-16T14:00:00,16.480601329468115
2012-07-16T15:00:00,16.422041690389246
2012-07-16T16:00:00,13.414479118165017
2012-07-16T17:00:00,11.964118267000789
2012-07-16T18:00:00,14.179187011564512
2012-07-16T19:00:00,15.222048797859394
2012-07-16T20:00:00,17.994544073687457
2012-07-16T21:00:00,21.151292492143
2012-07-16T22:00:00,25.285007775639027
2012-07-16T23:00:00,25.181136922823146
2012-07-17T00:00:00,28.176279728002083
2012-07-17T01:00:00,29.398895648295273
2012-07-17T02:00:00,26.77104950918511
2012-07-17T03:00:00,18.779253380788397
2012-07-17T04:00:00,9.55091707753938
2012-07-17T05:00:00,6.818921898214788
2012-07-17T06:00:00,3.8592896164570183
2012-07-17T07:00:00,3.1153284404904555
2012-07-17T08:00:00,4.772188838498366
2012-07-17T09:00:00,9.047079152828577
2012-07-17T10:00:00,12.419605861931906
2012-07-17T11:00:00,18.78624413748811
2012-07-17T12:00:00,22.454498253484676
2012-07-17T13:00:00,18.92417570104832
2012-07-17T14:00:00,21.12894849174731
2012-07-17T15:00:00,19.233315142043722
2012-07-17T16:00:00,24.037295263390888
2012-07-17T17:00:00,25.30355974979522
2012-07-17T18:00:00,28.33570115305973
2012-07-17T19:00:00,27.19601385602121
2012-07-17T20:00:00,25.48836132750069
2012-07-17T21:00:00,27.388550548700948
2012-07-17T22:00:00,32.1301617390191
2012-07-17T23:00:00,31.201638479388972
2012-07-18T00:00:00,32.295480855281255
2012-07-18T01:00:00,26.428487917469376
2012-07-18T02:00:00,30.22039176318102
2012-07-18T03:00:00,24.867434546404144
2012-07-18T04:00:00,14.713528449121686
2012-07-18T05:00:00,10.620739228518364
2012-07-18T06:00:00,5.086215453958933
2012-07-18T07:00:00,5.0995162064059585
2012-07-18T08:00:00,4.159428847183456
2012-07-18T09:00:00,6.331378011468804
2012-07-18T10:00:00,12.118981648160041
2012-07-18T11:00:00,18.23707287253105
2012-07-18T12:00:00,21.32171604586943
2012-07-18T13:00:00,21.809461077140373
2012-07-18T14:00:00,21.626470309239245
2012-07-18T15:00:00,21.739494099304874
2012-07-18T16:00:00,23.3627479201692
2012-07-18T17:00:00,22.65376615678798
2012-07-18T18:00:00,23.017106178460764
2012-07-18T19:00:00,24.310040033712593
2012-07-18T20:00:00,28.49136463328498
2012-07-18T21:00:00,37.502203534170725
2012-07-18T22:00:00,45.26730708785163
2012-07-18T23:00:00,42.53621985488
2012-07-19T00:00:00,42.6154022438385
2012-07-19T01:00:00,40.9308936256768
2012-07-19T02:00:00,39.77398784514307
2012-07-19T03:00:00,29.741970748936453
2012-07-19T04:00:00,16.217260509548744
2012-07-19T05:00:00,9.48688270176576
2012-07-19T06:00:00,5.051868377792154
2012-07-19T07:00:00,6.067873108484228
2012-07-19T08:00:00,6.837497067328965
2012-07-19T09:00:00,9.661307209675332
2012-07-19T10:00:00,16.938535884803784
2012-07-19T11:00:00,19.145271444113206
2012-07-19T12:00:00,28.180021017551233
2012-07-19T13:00:00,27.75768458186362
2012-07-19T14:00:00,28.323304630946595
2012-07-19T15:00:00,24.93589156398358
2012-07-19T16:00:00,22.86703870841368
2012-07-19T17:00:00,24.70286091945699
2012-07-19T18:00:00,31.648053990825307
2012-07-19T19:00:00,32.30989072401799
2012-07-19T20:00:00,41.87460852646512
2012-07-19T21:00:00,50.592131693561555
2012-07-19T22:00:00,61.125263811297295
2012-07-19T23:00:00,66.06904309830695
2012-07-20T00:00:00,58.869308981610416
2012-07-20T01:00:00,56.4293154892372
2012-07-20T02:00:00,56.69756193871649
2012-07-20T03:00:00,42.87412495676959
2012-07-20T04:00:00,30.78426581759333
2012-07-20T05:00:00,21.50738228252195
2012-07-20T06:00:00,15.551065578954024
2012-07-20T07:00:00,9.752043324188381
2012-07-20T08:00:00,11.872286617937053
2012-07-20T09:00:00,11.720056203735371
2012-07-20T10:00:00,19.321342711426503
2012-07-20T11:00:00,20.2995510487446
2012-07-20T12:00:00,26.42296221847964
2012-07-20T13:00:00,25.191413487237377
2012-07-20T14:00:00,23.43652926669685
2012-07-20T15:00:00,21.030894803374025
2012-07-20T16:00:00,20.46570786679466
2012-07-20T17:00:00,20.92531992094866
2012-07-20T18:00:00,19.134378732035323
2012-07-20T19:00:00,21.73316641631353
2012-07-20T20:00:00,30.75414782010762
2012-07-20T21:00:00,47.91288728675949
2012-07-20T22:00:00,65.83027465756226
2012-07-20T23:00:00,72.58816675462313
2012-07-21T00:00:00,84.50662678305915
2012-07-21T01:00:00,83.22784302584634
2012-07-21T02:00:00,85.80501437775789
2012-07-21T03:00:00,71.08506752041248
2012-07-21T04:00:00,54.413866047203996
2012-07-21T05:00:00,34.32487017060875
2012-07-21T06:00:00,24.905920877891955
2012-07-21T07:00:00,17.90458747608729
2012-07-21T08:00:00,11.74976627522518
2012-07-21T09:00:00,7.832779107918776
2012-07-21T10:00:00,12.117909389461122
2012-07-21T11:00:00,14.05296211213807
2012-07-21T12:00:00,25.354157225723394
2012-07-21T13:00:00,25.118949798882177
2012-07-21T14:00:00,33.46402791376297
2012-07-21T15:00:00,33.731722409218364
2012-07-21T16:00:00,37.59842573153517
2012-07-21T17:00:00,35.04176827938904
2012-07-21T18:00:00,41.644703477931486
2012-07-21T19:00:00,46.7588943211193
2012-07-21T20:00:00,60.95201810702377
2012-07-21T21:00:00,81.83545860351454
2012-07-21T22:00:00,102.80454541614225
2012-07-21T23:00:00,109.12411642915956
2012-07-22T00:00:00,101.27029630754902
2012-07-22T01:00:00,103.24293120501943
2012-07-22T02:00:00,116.00758308348031
2012-07-22T03:00:00,109.69254386212273
2012-07-22T04:00:00,81.6608446243986
2012-07-22T05:00:00,56.28234280134305
2012-07-22T06:00:00,41.55208460471638
2012-07-22T07:00:00,17.68946181732443
2012-07-22T08:00:00,12.867035183558793
2012-07-22T09:00:00,8.460549724346324
2012-07-22T10:00:00,6.88166617808635
2012-07-22T11:00:00,10.147458840500125
2012-07-22T12:00:00,14.393532763842577
2012-07-22T13:00:00,28.03648032420834
2012-07-22T14:00:00,28.539696072086432
2012-07-22T15:00:00,39.5632209183448
2012-07-22T16:00:00,28.344164181981203
2012-07-22T17:00:00,37.3734406093691
2012-07-22T18:00:00,31.24427370333803
2012-07-22T19:00:00,30.562973380390034
2012-07-22T20:00:00,31.7932271640845
2012-07-22T21:00:00,31.964084620654987
2012-07-22T22:00:00,31.261927149111404
2012-07-22T23:00:00,37.17490835574122
2012-07-23T00:00:00,36.92973127965606
2012-07-23T01:00:00,38.545518786961615
2012-07-23T02:00:00,35.846194064344765
2012-07-23T03:00:00,23.973560685116972
2012-07-23T04:00:00,15.495753692767448
2012-07-23T05:00:00,10.94993490232072
2012-07-23T06:00:00,6.3947755017587475
2012-07-23T07:00:00,5.42866656445906
2012-07-23T08:00:00,5.413481058923683
2012-07-23T09:00:00,6.831781092859538
2012-07-23T10:00:00,9.518489889891004
2012-07-23T11:00:00,11.5522421797586
2012-07-23T12:00:00,14.894041877602383
2012-07-23T13:00:00,18.32121039650921
2012-07-23T14:00:00,16.981130429997215
2012-07-23T15:00:00,16.902816629091014
2012-07-23T16:00:00,13.760782546111576
2012-07-23T17:00:00,12.268134325742457
2012-07-23T18:00:00,14.426203459976982
2012-07-23T19:00:00,15.601468147063724
2012-07-23T20:00:00,18.503996383139768
2012-07-23T21:00:00,21.763439977974695
2012-07-23T22:00:00,26.065758262968462
2012-07-23T23:00:00,25.963581817110146
2012-07-24T00:00:00,29.049860314082668
2012-07-24T01:00:00,30.086265783033827
2012-07-24T02:00:00,27.378446741582344
2012-07-24T03:00:00,19.233923710458726
2012-07-24T04:00:00,9.809329004054753
2012-07-24T05:00:00,6.963136878636665
2012-07-24T06:00:00,3.950764712242459
2012-07-24T07:00:00,3.2270097030337874
2012-07-24T08:00:00,4.943393910565507
2012-07-24T09:00:00,9.382236970745016
2012-07-24T10:00:00,12.942161052590546
2012-07-24T11:00:00,19.44379532221321
2012-07-24T12:00:00,23.21045063443706
2012-07-24T13:00:00,19.576579657800103
2012-07-24T14:00:00,21.941448491747312
2012-07-24T15:00:00,19.899226115128606
2012-07-24T16:00:00,25.12062859672422
2012-07-24T17:00:00,26.395014776250246
2012-07-24T18:00:00,29.565621787980366
2012-07-24T19:00:00,28.283077348084703
2012-07-24T20:00:00,26.413647562213157
2012-07-24T21:00:00,28.367749742039486
2012-07-24T22:00:00,32.97414213627819
2012-07-24T23:00:00,31.935808832411787
2012-07-25T00:00:00,32.993926080365824
2012-07-25T01:00:00,26.93338860269793
2012-07-25T02:00:00,30.91541786105186
2012-07-25T03:00:00,25.432828463533838
2012-07-25T04:00:00,15.228785371562793
2012-07-25T05:00:00,10.915138907669096
2012-07-25T06:00:00,5.265037730640673
2012-07-25T07:00:00,5.2818750285658265
2012-07-25T08:00:00,4.288519957311719
2012-07-25T09:00:00,6.5662482753638365
2012-07-25T10:00:00,12.498924560997692
2012-07-25T11:00:00,18.786014671472852
2012-07-25T12:00:00,21.97184832100171
2012-07-25T13:00:00,22.524408167087465
2012-07-25T14:00:00,22.373494118763055
2012-07-25T15:00:00,22.515287750098526
2012-07-25T16:00:00,24.155737338158616
2012-07-25T17:00:00,23.522416950438778
2012-07-25T18:00:00,23.747264908619496
2012-07-25T19:00:00,25.256468605141162
2012-07-25T20:00:00,29.544539236459585
2012-07-25T21:00:00,38.81410829607549
2012-07-25T22:00:00,46.835759468804014
2012-07-25T23:00:00,43.864290938385864
2012-07-26T00:00:00,44.13266414860041
2012-07-26T01:00:00,42.02211372776647
2012-07-26T02:00:00,40.724719583224484
2012-07-26T03:00:00,30.27665593134365
2012-07-26T04:00:00,16.515003731494097
2012-07-26T05:00:00,9.609728952271585
2012-07-26T06:00:00,5.165529291145116
2012-07-26T07:00:00,6.202320115481627
2012-07-26T08:00:00,7.090315134956663
2012-07-26T09:00:00,10.01719693398611
2012-07-26T10:00:00,17.575002050217318
2012-07-26T11:00:00,19.844728419885968
2012-07-26T12:00:00,29.18795752548774
2012-07-26T13:00:00,28.746520971562823
2012-07-26T14:00:00,29.31664316854743
2012-07-26T15:00:00,25.785930595989825
2012-07-26T16:00:00,23.716833790380893
2012-07-26T17:00:00,25.497473475437104
2012-07-26T18:00:00,32.84170153180891
2012-07-26T19:00:00,33.624343522681315
2012-07-26T20:00:00,43.68368677764863
2012-07-26T21:00:00,52.69195068548581
2012-07-26T22:00:00,63.454893440926924
2012-07-26T23:00:00,68.33015420941805
2012-07-27T00:00:00,60.91190157420301
2012-07-27T01:00:00,58.27124670616841
2012-07-27T02:00:00,58.17176828792284
2012-07-27T03:00:00,44.03285511549975
2012-07-27T04:00:00,31.58942454775206
2012-07-27T05:00:00,22.108572758712427
2012-07-27T06:00:00,16.09868462657307
2012-07-27T07:00:00,10.174265546410606
2012-07-27T08:00:00,12.375461221111657
2012-07-27T09:00:00,12.224553558232726
2012-07-27T10:00:00,20.125509378093167
2012-07-27T11:00:00,21.048653722847273
2012-07-27T12:00:00,27.27129984181726
2012-07-27T13:00:00,25.927889248713136
2012-07-27T14:00:00,24.12324097840856
2012-07-27T15:00:00,21.70615756613679
2012-07-27T16:00:00,21.06973181555545
2012-07-27T17:00:00,21.434899425265005
2012-07-27T18:00:00,19.735339467206586
2012-07-27T19:00:00,22.408486661370617
2012-07-27T20:00:00,31.934229969926612
2012-07-27T21:00:00,49.678892577764785
2012-07-27T22:00:00,68.23675613904373
2012-07-27T23:00:00,75.1835371249935
2012-07-28T00:00:00,87.52567440210677
2012-07-28T01:00:00,85.96924514224847
2012-07-28T02:00:00,88.47881314234613
2012-07-28T03:00:00,73.04139520831912
2012-07-28T04:00:00,55.594053257654366
2012-07-28T05:00:00,34.86008383608557
2012-07-28T06:00:00,25.230003812501206
2012-07-28T07:00:00,18.2014021136914
2012-07-28T08:00:00,12.056909132368038
2012-07-28T09:00:00,8.088731488871158
2012-07-28T10:00:00,12.59052843708017
2012-07-28T11:00:00,14.491128908911424
2012-07-28T12:00:00,26.32796674953292
2012-07-28T13:00:00,26.01684423898973
2012-07-28T14:00:00,34.83902791376297
2012-07-28T15:00:00,34.91206391026833
2012-07-28T16:00:00,38.94983231327615
2012-07-28T17:00:00,36.24799616332393
2012-07-28T18:00:00,43.056451425772536
2012-07-28T19:00:00,48.38953819967499
2012-07-28T20:00:00,63.229319837603654
2012-07-28T21:00:00,84.7496507429441
2012-07-28T22:00:00,106.053491967484
2012-07-28T23:00:00,112.48647504526068
2012-07-29T00:00:00,104.48203948785508
2012-07-29T01:00:00,106.70883273529222
2012-07-29T02:00:00,119.45483648891292
2012-07-29T03:00:00,112.62069766471873
2012-07-29T04:00:00,83.5966785979438
2012-07-29T05:00:00,57.30133872921232
2012-07-29T06:00:00,42.02675058097471
2012-07-29T07:00:00,17.9124347902974
2012-07-29T08:00:00,12.982436298959907
2012-07-29T09:00:00,8.6120405008371
2012-07-29T10:00:00,7.069027881895423
2012-07-29T11:00:00,10.557793517282171
2012-07-29T12:00:00,14.942836767093949
2012-07-29T13:00:00,29.112493837721857
2012-07-29T14:00:00,29.436467373462996
2012-07-29T15:00:00,40.98915907454611
2012-07-29T16:00:00,29.318509768168894
2012-07-29T17:00:00,38.65273258931897
2012-07-29T18:00:00,32.19526228590556
2012-07-29T19:00:00,31.58316274268466
2012-07-29T20:00:00,32.729456626629755
2012-07-29T21:00:00,32.87703962721902
2012-07-29T22:00:00,32.08018310646511
2012-07-29T23:00:00,38.24815695342591
2012-07-30T00:00:00,38.0974660928796
2012-07-30T01:00:00,39.86798361783278
2012-07-30T02:00:00,36.974711664186295
2012-07-30T03:00:00,24.772711124215864
2012-07-30T04:00:00,15.987210355615861
2012-07-30T05:00:00,11.289253344474213
2012-07-30T06:00:00,6.614219946203192
2012-07-30T07:00:00,5.633637324692978
2012-07-30T08:00:00,5.59140503553187
2012-07-30T09:00:00,7.0424536074794215
2012-07-30T10:00:00,9.753431410358841
2012-07-30T11:00:00,11.783939478561164
2012-07-30T12:00:00,15.186773707176318
2012-07-30T13:00:00,18.716448491747308
2012-07-30T14:00:00,17.481659530526315
2012-07-30T15:00:00,17.38359156779278
2012-07-30T16:00:00,14.107085974058137
2012-07-30T17:00:00,12.572150384484125
2012-07-30T18:00:00,14.67321990838945
2012-07-30T19:00:00,15.980887496268055
2012-07-30T20:00:00,19.01344869259208
2012-07-30T21:00:00,22.37558746380639
2012-07-30T22:00:00,26.846508750297897
2012-07-30T23:00:00,26.746026711397146
2012-07-31T00:00:00,29.923440900163257
2012-07-31T01:00:00,30.77363591777238
2012-07-31T02:00:00,27.985843973979577
2012-07-31T03:00:00,19.688594040129054
2012-07-31T04:00:00,10.067740930570128
2012-07-31T05:00:00,7.107351859058541
2012-07-31T06:00:00,4.042239808027899
2012-07-31T07:00:00,3.338690965577119
2012-07-31T08:00:00,5.114598982632648
2012-07-31T09:00:00,9.717394788661455
2012-07-31T10:00:00,13.464716243249185
2012-07-31T11:00:00,20.101346506938306
2012-07-31T12:00:00,23.96640301538944
2012-07-31T13:00:00,20.228983614551886
2012-07-31T14:00:00,22.753948491747312
2012-07-31T15:00:00,20.565137088213493
2012-07-31T16:00:00,26.203961930057552
2012-07-31T17:00:00,27.486469802705273
2012-07-31T18:00:00,30.795542422901
2012-07-31T19:00:00,29.370140840148196
2012-07-31T20:00:00,27.338933796925623
2012-07-31T21:00:00,29.346948935378027
2012-07-31T22:00:00,33.81812253353728
2012-07-31T23:00:00,32.6699791854346
2012-08-01T00:00:00,33.6923713054504
2012-08-01T01:00:00,27.438289287926487
2012-08-01T02:00:00,31.610443958922705
2012-08-01T03:00:00,25.99822238066353
2012-08-01T04:00:00,15.744042294003902
2012-08-01T05:00:00,11.209538586819829
2012-08-01T06:00:00,5.443860007322413
2012-08-01T07:00:00,5.4642338507256945
2012-08-01T08:00:00,4.4176110674399816
2012-08-01T09:00:00,6.8011185392588684
2012-08-01T10:00:00,12.878867473835342
2012-08-01T11:00:00,19.334956470414653
2012-08-01T12:00:00,22.62198059613398
2012-08-01T13:00:00,23.239355257034553
2012-08-01T14:00:00,23.120517928286866
2012-08-01T15:00:00,23.29108140089218
2012-08-01T16:00:00,24.948726756148037
2012-08-01T17:00:00,24.391067744089572
2012-08-01T18:00:00,24.477423638778227
2012-08-01T19:00:00,26.202897176569735
2012-08-01T20:00:00,30.597713839634185
2012-08-01T21:00:00,40.126013057980245
2012-08-01T22:00:00,48.40421184975639
2012-08-01T23:00:00,45.19236202189174
2012-08-02T00:00:00,45.64992605336232
2012-08-02T01:00:00,43.11333382985614
2012-08-02T02:00:00,41.6754513213059
2012-08-02T03:00:00,30.811341113750853
2012-08-02T04:00:00,16.812746953439447
2012-08-02T05:00:00,9.732575202777412
2012-08-02T06:00:00,5.27919020449808
2012-08-02T07:00:00,6.336767122479026
2012-08-02T08:00:00,7.343133202584361
2012-08-02T09:00:00,10.373086658296886
2012-08-02T10:00:00,18.211468215630852
2012-08-02T11:00:00,20.544185395658737
2012-08-02T12:00:00,30.195894033424246
2012-08-02T13:00:00,29.735357361262025
2012-08-02T14:00:00,30.30998170614826
2012-08-02T15:00:00,26.63596962799607
2012-08-02T16:00:00,24.566628872348105
2012-08-02T17:00:00,26.29208603141722
2012-08-02T18:00:00,34.03534907279252
2012-08-02T19:00:00,34.93879632134464
2012-08-02T20:00:00,45.492765028832146
2012-08-02T21:00:00,54.79176967741006
2012-08-02T22:00:00,65.78452307055655
2012-08-02T23:00:00,70.59126532052917
2012-08-03T00:00:00,62.9544941667956
2012-08-03T01:00:00,60.11317792309963
2012-08-03T02:00:00,59.645974637129186
2012-08-03T03:00:00,45.19158527422991
2012-08-03T04:00:00,32.39458327791079
2012-08-03T05:00:00,22.7097632349029
2012-08-03T06:00:00,16.64630367419212
2012-08-03T07:00:00,10.596487768632826
2012-08-03T08:00:00,12.87863582428626
2012-08-03T09:00:00,12.72905091273008
2012-08-03T10:00:00,20.929676044759834
2012-08-03T11:00:00,21.79775639694995
2012-08-03T12:00:00,28.119637465154884
2012-08-03T13:00:00,26.664365010188902
2012-08-03T14:00:00,24.809952690120276
2012-08-03T15:00:00,22.38142032889955
2012-08-03T16:00:00,21.67375576431624
2012-08-03T17:00:00,21.94447892958135
2012-08-03T18:00:00,20.336300202377846
2012-08-03T19:00:00,23.083806906427704
2012-08-03T20:00:00,33.114312119745605
2012-08-03T21:00:00,51.44489786877007
2012-08-03T22:00:00,70.64323762052523
2012-08-03T23:00:00,77.77890749536388
2012-08-04T00:00:00,90.54472202115439
2012-08-04T01:00:00,88.71064725865058
2012-08-04T02:00:00,91.15261190693437
2012-08-04T03:00:00,74.99772289622575
2012-08-04T04:00:00,56.774240468104736
2012-08-04T05:00:00,35.395297501562396
2012-08-04T06:00:00,25.554086747110457
2012-08-04T07:00:00,18.498216751295516
2012-08-04T08:00:00,12.364051989510894
2012-08-04T09:00:00,8.344683869823537
2012-08-04T10:00:00,13.063147484699217
2012-08-04T11:00:00,14.92929570568478
2012-08-04T12:00:00,27.301776273342444
2012-08-04T13:00:00,26.914738679097283
2012-08-04T14:00:00,36.21402791376297
2012-08-04T15:00:00,36.092405411318296
2012-08-04T16:00:00,40.30123889501712
2012-08-04T17:00:00,37.45422404725882
2012-08-04T18:00:00,44.46819937361359
2012-08-04T19:00:00,50.02018207823069
2012-08-04T20:00:00,65.50662156818355
2012-08-04T21:00:00,87.66384288237366
2012-08-04T22:00:00,109.30243851882577
2012-08-04T23:00:00,115.84883366136182
2012-08-05T00:00:00,107.69378266816112
2012-08-05T01:00:00,110.17473426556501
2012-08-05T02:00:00,122.9020898943455
2012-08-05T03:00:00,115.54885146731473
2012-08-05T04:00:00,85.53251257148897
2012-08-05T05:00:00,58.32033465708158
2012-08-05T06:00:00,42.50141655723304
2012-08-05T07:00:00,18.135407763270376
2012-08-05T08:00:00,13.097837414361024
2012-08-05T09:00:00,8.763531277327877
2012-08-05T10:00:00,7.256389585704495
2012-08-05T11:00:00,10.968128194064217
2012-08-05T12:00:00,15.492140770345323
2012-08-05T13:00:00,30.18850735123537
2012-08-05T14:00:00,30.333238674839563
2012-08-05T15:00:00,42.41509723074742
2012-08-05T16:00:00,30.292855354356586
2012-08-05T17:00:00,39.93202456926885
2012-08-05T18:00:00,33.14625086847309
2012-08-05T19:00:00,32.60335210497929
2012-08-05T20:00:00,33.665686089175004
2012-08-05T21:00:00,33.789994633783046
2012-08-05T22:00:00,32.89843906381881
2012-08-05T23:00:00,39.3214055511106
2012-08-06T00:00:00,39.26520090610313
2012-08-06T01:00:00,41.19044844870393
2012-08-06T02:00:00,38.10322926402782
2012-08-06T03:00:00,25.571861563314755
2012-08-06T04:00:00,16.478667018464275
2012-08-06T05:00:00,11.628571786627706
2012-08-06T06:00:00,6.833664390647636
2012-08-06T07:00:00,5.838608084926896
2012-08-06T08:00:00,5.769329012140057
2012-08-06T09:00:00,7.253126122099304
2012-08-06T10:00:00,9.988372930826678
2012-08-06T11:00:00,12.015636777363726
2012-08-06T12:00:00,15.479505536750255
2012-08-06T13:00:00,19.1116865869854
2012-08-06T14:00:00,17.98218863105542
2012-08-06T15:00:00,17.864366506494548
2012-08-06T16:00:00,14.453389402004696
2012-08-06T17:00:00,12.876166443225793
2012-08-06T18:00:00,14.920236356801919
2012-08-06T19:00:00,16.360306845472387
2012-08-06T20:00:00,19.522901002044385
2012-08-06T21:00:00,22.98773494963809
2012-08-06T22:00:00,27.62725923762733
2012-08-06T23:00:00,27.528471605684146
2012-08-07T00:00:00,30.797021486243843
2012-08-07T01:00:00,31.46100605251094
2012-08-07T02:00:00,28.59324120637681
2012-08-07T03:00:00,20.143264369799386
2012-08-07T04:00:00,10.326152857085502
2012-08-07T05:00:00,7.251566839480418
2012-08-07T06:00:00,4.13371490381334
2012-08-07T07:00:00,3.4503722281204503
2012-08-07T08:00:00,5.28580405469979
2012-08-07T09:00:00,10.052552606577894
2012-08-07T10:00:00,13.987271433907825
2012-08-07T11:00:00,20.758897691663407
2012-08-07T12:00:00,24.722355396341822
2012-08-07T13:00:00,20.88138757130367
2012-08-07T14:00:00,23.566448491747316
2012-08-07T15:00:00,21.23104806129838
2012-08-07T16:00:00,27.287295263390888
2012-08-07T17:00:00,28.577924829160303
2012-08-07T18:00:00,32.02546305782164
2012-08-07T19:00:00,30.45720433221169
2012-08-07T20:00:00,28.264220031638086
2012-08-07T21:00:00,30.326148128716568
2012-08-07T22:00:00,34.662102930796365
2012-08-07T23:00:00,33.40414953845741
